1,2,3,4,5,6,7,8,9,PLAYER_ID,PLAYER_NAME
0.0614563798285118,0.06306856767416137,0.07703902193937363,0.2518252138081312,0.10105620388655055,0.03586749877153495,0.18711869272914325,0.05686274870666094,0.16570567265593225,2544,LeBron James
0.05834498497340212,0.023454349677771887,0.1124568085756071,0.16043906594024718,0.13399868215933017,0.08824389695128812,0.1847323337029716,0.09170563939379328,0.14662423862558863,101108,Chris Paul
0.039244194174322955,0.03463923636546645,0.14125505371052793,0.26276498778162377,0.06961678474967707,0.08267954302713765,0.2000710175642653,0.022370532743570672,0.14735864988340816,200768,Kyle Lowry
0.05163330505802936,0.04958740806463669,0.14496943342140928,0.2857316966157386,0.08735443906021989,0.028179427928850233,0.15617555388720428,0.046308122812320225,0.15006061315159136,201142,Kevin Durant
0.1502669843095375,0.1085270681015362,0.12336591911059995,0.17736794545305185,0.12125468933979572,0.03919877324132644,0.13788438894821875,0.030786713765437172,0.11134751773049645,201143,Al Horford
0.03656130486808623,0.020389097090836958,0.16313837241296933,0.1946445292420051,0.09887187012748785,0.07806471016084757,0.17710721819682654,0.08792118235006793,0.14330171555087248,201144,Mike Conley
0.11972899808095033,0.10485089057038827,0.13171758593767102,0.17404977854312756,0.1169270396287405,0.06470772800572067,0.1443592344232271,0.06001955533503105,0.08363918947514357,201145,Jeff Green
0.038796513876081976,0.03832059252208572,0.17038876825604568,0.23758291442339152,0.11906659924447485,0.07322347482078587,0.15531990838513934,0.07657574585799695,0.09072548261399803,201566,Russell Westbrook
0.20820913968332436,0.19382448589887125,0.09126112896268616,0.0704450615758175,0.12674295185890633,0.029438135810905777,0.14857680135316556,0.05625911763137871,0.07524317722494439,201567,Kevin Love
0.13875795194372045,0.13932835288805087,0.06821044625951658,0.1027038589208331,0.16326142584391612,0.053451321824966126,0.17413865496288433,0.06404335047176911,0.09610463688434329,201568,Danilo Gallinari
0.025691577540437244,0.021496530068212755,0.1562395772340851,0.18744055163144852,0.14596936972994073,0.06155453932301124,0.1623814429678602,0.07070557338491908,0.1685208381200851,201569,Eric Gordon
0.22697695355057929,0.21337534581624584,0.11689336012890554,0.10820139700800481,0.09494834416509153,0.02007277826132853,0.1301981982699727,0.03927516516522497,0.05005845763464675,201572,Brook Lopez
0.042534884009890535,0.04251624607050112,0.20803046681825527,0.2805382636895665,0.0687833153166586,0.042140380959481125,0.19565176874044807,0.05379841204756402,0.06600626234763485,201587,Nicolas Batum
0.050562094960983996,0.04374893721540991,0.13678840667334252,0.23462882838626786,0.11039733973208382,0.040502956902903994,0.15957261889016947,0.05248360949987719,0.17131520773896122,201935,James Harden
0.038361378013760265,0.02662636537502555,0.14467577776461574,0.19656432762504514,0.07331039318597378,0.0628860641470717,0.21549854697539694,0.04830614206205303,0.1937710048510578,201939,Stephen Curry
0.0387536750856582,0.033584917553514795,0.06314919009291456,0.19567739388964012,0.12510374284680878,0.04870098197388306,0.1769789182528879,0.027964419017545858,0.29008676128714667,201942,DeMar DeRozan
0.06773656562434585,0.042367998724095655,0.25923385931160975,0.26254124261121803,0.0619670856550473,0.05693523788638471,0.1368068500114632,0.04013715971730744,0.07227400045852812,201950,Jrue Holiday
0.04042384913097314,0.03447907009912286,0.2193539185623618,0.23762584844379037,0.06924338586607715,0.11245486311449371,0.15548806182051564,0.05912688894219237,0.07180411402047285,201976,Patrick Beverley
0.04017986010880426,0.025054587172939565,0.1430628030050701,0.3443913992820399,0.08775026830983308,0.05556419081455164,0.16954220791236446,0.02169793864031679,0.11275674475408015,202330,Gordon Hayward
0.0602986505543262,0.04543115188742171,0.19666085121167698,0.28963009618725394,0.07689220598973284,0.03608740647429216,0.14530648190984743,0.04517475163548059,0.10451840414996813,202331,Paul George
0.03008712391095111,0.025787177660279246,0.24202822464719193,0.17185410182372718,0.11226734665816676,0.15793552580592743,0.1435169560380495,0.03957450531868351,0.07694903813702328,202397,Ish Smith
0.029764751376917215,0.020522759463374115,0.17832994300123337,0.20096012374521482,0.11698361886107722,0.07185826047360919,0.16271077073041254,0.08736759971351885,0.1315021726346427,202681,Kyrie Irving
0.1533098133878006,0.18149661127100547,0.11220870856930648,0.17173892860458642,0.0840869000092842,0.029003806517500702,0.16888868257357723,0.04889982360040852,0.0503667254665305,202684,Tristan Thompson
0.3691044610722184,0.21706231239550758,0.077496615289736,0.08026220061575227,0.08232434437800829,0.019310916353089118,0.0892358986465977,0.017824534692677942,0.04737871655641264,202685,Jonas Valančiūnas
0.04537548423854929,0.051315744598897005,0.15541173567546637,0.27164503684325614,0.0969861353801586,0.046910201960827576,0.1594862607655934,0.04768458240631702,0.1251848181309345,202691,Klay Thompson
0.03316620184024908,0.02161249700631185,0.15287123664428803,0.20314202056567185,0.09652423149128161,0.08658904966818347,0.22624943023354632,0.04686377366945047,0.13298155888101731,202692,Alec Burks
0.07788336128190795,0.08239720634462695,0.10313324558081946,0.1851517938176551,0.1294229370646183,0.07020201109528361,0.15396358871719049,0.03178924971600641,0.1660566063818917,202694,Marcus Morris Sr.
0.04973755684320044,0.05892209315465637,0.20282550160349458,0.26486301129655104,0.07713919423910968,0.02761011117302544,0.15698270252155852,0.05183008802659112,0.11008974114181283,202695,Kawhi Leonard
0.2630537424118598,0.2297444389326462,0.10134472015331522,0.07496065408787074,0.06621890245425703,0.014080661796457618,0.18969547513088536,0.03173903578425949,0.029162369248448467,202696,Nikola Vučević
0.05343551683548677,0.0787028993852983,0.1956797148440016,0.28110939113494354,0.07297947805989291,0.0392577511170627,0.14460423088109844,0.03506864396688536,0.09916237377533034,202699,Tobias Harris
0.05295789841572115,0.028859357757517554,0.14463252271019833,0.17004372796746134,0.09792698062374959,0.11535762542551523,0.14971531414513062,0.09665009095087002,0.1438564820038362,202704,Reggie Jackson
0.03980275445316523,0.04151793312129363,0.208730171009502,0.2887777362735975,0.07171922348380194,0.06198293220402668,0.149521142450451,0.032855838790887444,0.10509226821327451,202710,Jimmy Butler
0.0340023085463392,0.03304932552075962,0.10081805572591832,0.20215506260437996,0.10947982223564158,0.04196270471050389,0.2150753737234588,0.0331940028117717,0.230263344121227,202711,Bojan Bogdanović
0.04191356066028616,0.035028815572953946,0.07607901591682224,0.07567316277662582,0.11783761446903339,0.060081023045079215,0.2732646088682601,0.03870363127873256,0.28141856741220656,202722,Davis Bertans
0.28442521502722173,0.1419318727011035,0.13446762945090707,0.1324772804705915,0.08326959581140184,0.02099861631634207,0.11534811116750916,0.04922506761971645,0.03785661143520676,203076,Anthony Davis
0.03580137880126017,0.02510578279266573,0.1807152366766408,0.26884251875090626,0.07718650725650186,0.05702384561644016,0.13250464653388347,0.08223771799164284,0.1405823655800588,203078,Bradley Beal
0.025798932104256905,0.020427618139724907,0.1698286733013684,0.18361156751460442,0.10404113114177121,0.08657419116359603,0.18783858113832239,0.05255999617977011,0.16931930931658565,203081,Damian Lillard
0.19386049908019828,0.2946279366951735,0.07318040752130991,0.06819522264818638,0.12627964780722079,0.02600721798598531,0.12556697701197847,0.059018269649351925,0.03326382160059541,203083,Andre Drummond
0.056379499996258575,0.08152747326753418,0.14178121656103382,0.30716519878179277,0.08047426275263958,0.016385561101175554,0.1528726644168244,0.067686079662374,0.09572804346036709,203084,Harrison Barnes
0.04055347223302784,0.03059501766069678,0.1428415827718736,0.32992048796427403,0.07284842920939207,0.04672693606360963,0.1910856271492368,0.05106430983241789,0.0943641371154714,203109,Jae Crowder
0.17656822679422476,0.21005515287064255,0.11645920912422862,0.14911474373236222,0.0551645803815033,0.017230880923664215,0.1255928055363646,0.06953828499162754,0.08027611564538227,203110,Draymond Green
0.029536691757882327,0.03176445407764912,0.21502880415286246,0.3070995981587047,0.06929878241786068,0.04553799404925194,0.16946669359676597,0.023383967949162403,0.10888301383986036,203114,Khris Middleton
0.05566966294727854,0.0277511740881345,0.16636857713210945,0.1963063821930928,0.08891914657927835,0.06705860632565223,0.1989257237806215,0.06565085445922712,0.13334987249460556,203200,Justin Holiday
0.2667807449226849,0.21625740051460118,0.10436911393669907,0.06397541905023607,0.1364067847418251,0.028415478004546475,0.056418775449027,0.07541655217206665,0.051959731208313556,203458,Alex Len
0.03043181166927502,0.016062336059250115,0.18744020984415985,0.201977208102806,0.09476712147596271,0.09414772852513942,0.1779443207617872,0.08050785813476756,0.11672140542685211,203468,CJ McCollum
0.0300702834305664,0.03262804906059075,0.2910469015572603,0.2155340162616565,0.06793146217097708,0.06561256833111305,0.17425697092195325,0.057604850934815564,0.06531489733106711,203471,Dennis Schröder
0.17742043001379368,0.11929472815190471,0.09545321689903957,0.1263325761343883,0.12625053200490216,0.0344405872308568,0.1422927231984904,0.055287487757477556,0.12322771860914691,203482,Kelly Olynyk
0.0358551836518295,0.023924247031397408,0.29343944674447797,0.2871630840720729,0.05309179082949345,0.05023039318878208,0.12552725344810112,0.0580329645482968,0.07273563648554877,203484,Kentavious Caldwell-Pope
0.21791149491345785,0.22898769228472693,0.1033504750673603,0.0963644098790127,0.0985363596330823,0.020696964494965702,0.0987975907031594,0.08287742291817497,0.05247759010605981,203486,Mason Plumlee
0.22033368796122738,0.21124845905736528,0.09626458618302176,0.07638853707550197,0.10407484337268015,0.03050644240674131,0.10955468868737019,0.028522214904503775,0.12310654035158825,203488,Mike Muscala
0.023895537485385494,0.024473549387176018,0.1055134453450337,0.13528105828724565,0.1439643734482351,0.10538207900371767,0.2378387609526687,0.06904614899570431,0.1546050470948334,203493,Reggie Bullock Jr.
0.2975604329875851,0.2002567581367529,0.11148372649423023,0.08971034472697566,0.0847885392504413,0.02616452944694881,0.0819237165740295,0.06565750506951434,0.04245444731352211,203497,Rudy Gobert
0.04477726221650511,0.029824526861325685,0.16707904276241667,0.22277278624042074,0.10293432391103177,0.05968405646817922,0.17325702734808263,0.0635518598490069,0.13611911434303128,203501,Tim Hardaway Jr.
0.08870886183751789,0.09827915666434239,0.1331076489614438,0.24203584336227132,0.05829115058221955,0.03639337921539196,0.17997086684444633,0.0416025719502004,0.12161052058216631,203507,Giannis Antetokounmpo
0.02926980906726002,0.01817705862142308,0.16039495427103614,0.07397621112220022,0.13694965723728342,0.06941967572520083,0.19860604374928417,0.05305050637260516,0.2601560838337069,203552,Seth Curry
0.041869724808693304,0.023235282790248467,0.07643972543082889,0.19234950984603622,0.16767442756119888,0.06426364328523139,0.20768959581924887,0.041173525464601964,0.18530456499391196,203903,Jordan Clarkson
0.027073603603934633,0.022307796889181213,0.24653220502155085,0.17960146538451646,0.09714235321352063,0.05517606293657471,0.20307039945323666,0.06460111630846564,0.10449499718901917,203914,Gary Harris
0.02759225074240942,0.027908954249358457,0.22302434495519513,0.2588487176761772,0.063852633085972,0.09144271462627904,0.13664888644010073,0.05219967939192927,0.11848181883257883,203915,Spencer Dinwiddie
0.05590635224642887,0.047215405793631794,0.16481874950123696,0.2897987989785333,0.09213151384566276,0.0374022424387519,0.16666167903599075,0.04000578565158408,0.10605947250817971,203924,Jerami Grant
0.039456513825181595,0.039042066412397575,0.05816825444830887,0.13742852182289653,0.2011806150623631,0.053631735470537824,0.18633891717212447,0.049996919647607684,0.23475645613858223,203926,Doug McDermott
0.048762819323127767,0.0536101648576429,0.1745543295835753,0.29516522683142454,0.04921382800604272,0.03645786561138618,0.16000630613910624,0.07557388859287287,0.10665557105482151,203932,Aaron Gordon
0.06652042573910129,0.038464156139239515,0.12331617881879911,0.23639200247108771,0.11897083383505488,0.052340465632509464,0.16575135203053257,0.06941034192106131,0.12883424341261407,203937,Kyle Anderson
0.2644846104710308,0.16404457167191083,0.11673448626653103,0.07956185384087629,0.10331448579337102,0.03720220492559559,0.07500768884998461,0.09143225531713549,0.0682178428635643,203939,Dwight Powell
0.04981213251111429,0.05037143266886562,0.1858912949949806,0.26620392944213395,0.0797475978775276,0.02822314642191309,0.19560590850423057,0.029384769826473537,0.11475978775276065,203944,Julius Randle
0.05212242868889344,0.04231899218505193,0.23667488920773813,0.3222882695674095,0.051458028522086585,0.038144108867386194,0.12392947934116005,0.049747551496903,0.08331625212337108,203952,Andrew Wiggins
0.03688363164463019,0.026431334502531188,0.22251244864028924,0.2589026953742055,0.07808334473508546,0.07290073012674601,0.10444834177062991,0.09543473844380596,0.10440273476207652,203957,Danté Exum
0.20366765386516647,0.12479384758063458,0.11941747997532734,0.1250519482223865,0.12124168281618421,0.02769551123612709,0.13135135371599305,0.056055959718801535,0.09072456286937919,203967,Dario Šarić
0.28728361094399374,0.20838797862351763,0.12831930805847067,0.08325047387220931,0.046594287354093926,0.018537024963562812,0.13901510097946176,0.05154823427537199,0.03706398092931815,203991,Clint Capela
0.0330719680599288,0.025442421997339575,0.13315410074069084,0.19303612154140032,0.08955642739676821,0.08527018658524493,0.2244897577366553,0.04430113320648605,0.171677882735486,203992,Bogdan Bogdanović
0.2915294176403686,0.23554997604999764,0.09642656883866325,0.07922115954333817,0.061520859203497834,0.014810409056960143,0.11829939092079246,0.056208725973380315,0.04643349277300165,203994,Jusuf Nurkić
0.0367763671797947,0.022278067524597794,0.14512502071185665,0.12118211442413149,0.12007353695389739,0.11485809419357894,0.19463227577935757,0.07186817001869986,0.17320635321408565,203995,Vasilije Micić
0.3327909570241467,0.22559004969293112,0.09218099051473465,0.08006715354133234,0.06675020640750962,0.020749341133440083,0.09464409140189911,0.05206812568192042,0.035159084602085965,203999,Nikola Jokić
0.18985573202157785,0.16661400706701487,0.10999962316983736,0.13758359107550228,0.08085615812953102,0.02484470249258659,0.15803387413292827,0.029862341042891965,0.10234997086812973,204001,Kristaps Porziņģis
0.030542016806722687,0.02807983193277311,0.07769747899159664,0.12494957983193276,0.15735294117647058,0.06473529411764706,0.21155042016806724,0.03510504201680672,0.2699873949579832,204060,Joe Ingles
0.035424338115582564,0.022399720276663863,0.20628867593978664,0.18354294372388977,0.07578754138484906,0.1509449768172001,0.12730325579023663,0.10050007830796519,0.09780846964382625,204456,T.J. McConnell
0.019872474333157853,0.019312985568967024,0.24587524580914588,0.18131449170327738,0.05267929018109023,0.08847004610470703,0.1779174270126841,0.06845120762226718,0.14610683166470334,1626145,Tyus Jones
0.04207538647196435,0.03950003033796493,0.15856643003054022,0.1532539152829184,0.10895374471613778,0.1264284125154218,0.19360340863890405,0.08739356430637299,0.0902251076997755,1626153,Delon Wright
0.03536175434852204,0.018398326142963852,0.12138512431970974,0.1865157705382868,0.09203545893867097,0.09067678399926826,0.20595263502904096,0.09366281994603412,0.15601132673750323,1626156,D'Angelo Russell
0.11849686809845766,0.07965269913174781,0.09580386226414668,0.1722240682847216,0.08496709864529152,0.019320362672164162,0.21311397589871217,0.05839962204695931,0.158021442957799,1626157,Karl-Anthony Towns
0.04417275952631184,0.03851610398984889,0.2175860245197404,0.27452938759667045,0.06831115237332111,0.05293013394833194,0.1449847120485401,0.05913384164542394,0.09983588435181127,1626162,Kelly Oubre Jr.
0.042887949299859694,0.024645692277268746,0.1580800994415828,0.23625286035802737,0.06775022835780137,0.053269047865678536,0.1507669997080787,0.06204363752789732,0.20430348516380556,1626164,Devin Booker
0.02920705108163235,0.027435347715395957,0.16209969181294384,0.11471407089791119,0.12836288653654324,0.12068054252832493,0.190093349412658,0.09172659192758348,0.13568046808700704,1626166,Cameron Payne
0.24257039129751842,0.24048414965188744,0.12726295272881735,0.09718390563019763,0.036632013964323716,0.016079325854131223,0.14992179359260546,0.055089611047567634,0.03477585623295111,1626167,Myles Turner
0.07395715624258559,0.05614245328164523,0.08512854333637618,0.15818893236444942,0.189949772993232,0.05130473597645081,0.18957980625002516,0.07977206831516341,0.11597653124007223,1626168,Trey Lyles
0.10762329732268672,0.1505847815875998,0.08985439173320808,0.17216298731798968,0.11019023015500236,0.04886331611085017,0.1734077031470174,0.05943870361672147,0.08787458900892438,1626171,Bobby Portis
0.40410095990701267,0.11791137339641702,0.11320739998205781,0.1028828414183689,0.06296927595473888,0.015137745291150992,0.08599768311757204,0.054201007102765826,0.04359171382991586,1626172,Kevon Looney
0.1557022485805526,0.07384973919543578,0.08879996922011464,0.1611821674535691,0.1585878628316395,0.032835541973320434,0.15801073998142212,0.07923621913079802,0.09179551163314774,1626174,Christian Wood
0.03112542335239576,0.026383876519904505,0.25677863527844097,0.2368641385819777,0.05548609183276887,0.08809061129309867,0.15384376214535564,0.03951807228915663,0.11190938870690136,1626179,Terry Rozier
0.04057519929099188,0.023811482828415803,0.13625368197600748,0.1742476779749073,0.13658279714986257,0.0737547104609258,0.21200659170676778,0.06957494775296615,0.13319291085915516,1626181,Norman Powell
0.029475439941369235,0.030230788454680493,0.16423635388499047,0.2205336860165054,0.09554737495331722,0.08694370266786848,0.2209043403055652,0.053233818272694855,0.09889449550300876,1626192,Pat Connaughton
0.031792896334123195,0.036367322630105045,0.20341202360285704,0.22600115733407672,0.064515039007227,0.1312222546050492,0.15510388551685106,0.05572943725686481,0.09585598371284598,1626196,Josh Richardson
0.217500228791068,0.19669930752570086,0.1241572862328788,0.08625423263475795,0.13403724718586987,0.024412006955248467,0.10591119856014154,0.057769744669168115,0.053258747445166406,1626204,Larry Nance Jr.
0.08347812822511257,0.053532399495660916,0.16140280627992726,0.2377019680188007,0.09218012246191834,0.043216806217957426,0.15825426221341932,0.054016240862429364,0.11621726622477412,1626220,Royce O'Neale
0.03792944087897016,0.04158560492557228,0.10678533360167564,0.18914406255357527,0.14444643216529887,0.05571084624730726,0.1932921875116468,0.05705628480064402,0.17404980731530967,1626224,Cedi Osman
0.30654044483101395,0.2368134940357853,0.10679361332007953,0.08095489562624256,0.06426751988071572,0.01584710487077535,0.10163239314115309,0.03745806411530815,0.04969247017892644,1627734,Domantas Sabonis
0.034653145145325644,0.026130980264563432,0.3050417582159118,0.29266423493578,0.04452184343756064,0.05354969335494582,0.14355966985431176,0.027934198224614317,0.0719444765669866,1627736,Malik Beasley
0.029754874919939132,0.024901242840800124,0.2820622938317037,0.3299137008666936,0.060538971592739174,0.06229753394025331,0.09488832203534155,0.05257916307241204,0.06306389690011736,1627739,Kris Dunn
0.03496191838227958,0.03162270928260219,0.1787851575924879,0.2353942860943892,0.07170208756000489,0.08197248367534729,0.20554539306659572,0.02654072571257525,0.13347523863371805,1627741,Buddy Hield
0.0434507298390454,0.03443674655238145,0.13349196541645303,0.2975797652069886,0.08945622499463192,0.033293017997291854,0.15965311282597358,0.03491877774418166,0.17371965942305248,1627742,Brandon Ingram
0.03024071723336784,0.02139240328450913,0.18890143193730768,0.3008052012534721,0.06926885477804269,0.09917231494189342,0.12730985961674482,0.047045019134654566,0.11586419782000777,1627747,Caris LeVert
0.046902353549597355,0.025812917380033853,0.29168179058644406,0.21727692352168368,0.05185068595675791,0.07667265199137856,0.1537564604567049,0.04336576544165593,0.09268045111574376,1627749,Dejounte Murray
0.040711475637015,0.03522220140683503,0.1766216968760666,0.18637099692302955,0.07412701549263605,0.0954451085408385,0.1679117404771742,0.09575049593372836,0.12783926871267665,1627750,Jamal Murray
0.25629356117527513,0.25207877148540925,0.11949537017159705,0.11396032802370014,0.06755828431583015,0.018719677128504576,0.10529460592789776,0.03491334277904198,0.03168605899274398,1627751,Jakob Pöltl
0.0468768566990241,0.021082378562431538,0.19834028661491496,0.38613938394861413,0.06840214237411175,0.034944290927317864,0.137080831628321,0.03646097772285249,0.07067285152241218,1627752,Taurean Prince
0.04690450826779381,0.03898450110243603,0.22327140507711335,0.2820654524942496,0.05891410527358898,0.05046622467589142,0.14819141414815137,0.03571435377429504,0.11548803518648033,1627759,Jaylen Brown
0.07105348725865958,0.05688221845004468,0.09509727865553447,0.18547848194603395,0.1301606077131643,0.04112100240924371,0.17105374328880968,0.06538497973521361,0.18376820054329596,1627777,Georges Niang
0.04448812448812449,0.03399180999180999,0.23665847665847667,0.29744799344799344,0.06664045864045864,0.0643931203931204,0.11401801801801802,0.09064045864045865,0.05172153972153972,1627780,Gary Payton II
0.06209786579147429,0.08246227081405365,0.129546002383517,0.30561946999617357,0.07360920772502237,0.038849304077095144,0.16392326221552453,0.030675560185489538,0.1132170568116499,1627783,Pascal Siakam
0.2868805043007207,0.20269612745919588,0.09842189772340232,0.10378225540495976,0.07014418632311362,0.02527450545767129,0.10558255707713185,0.06415939968319016,0.043058566570614534,1627826,Ivica Zubac
0.06388214116349067,0.0533839170787887,0.2209659624299554,0.3114505405169994,0.06693555411460703,0.0378749020101232,0.1334307586594017,0.03847009978030912,0.07360612424632478,1627827,Dorian Finney-Smith
0.043891671024990246,0.02445150716368464,0.19033134337234545,0.2165232647021268,0.07753851212954978,0.09557060221828466,0.1852255454318064,0.06767324992172509,0.09879430403548696,1627832,Fred VanVleet
0.04017221775069309,0.03173508106243532,0.29205728667612074,0.3452965901396395,0.050850229325565655,0.033564575268611146,0.10419684948832932,0.045640259093173895,0.05648691119543137,1627884,Derrick Jones Jr.
0.03162835191773041,0.0260081910854683,0.2885371780472077,0.36304915078344874,0.04305444637572227,0.044482975097904394,0.11659698407478743,0.04138889719290903,0.04525382542482181,1627936,Alex Caruso
0.04061368452109541,0.023168736421425314,0.24745862725639028,0.2125955529329721,0.09398385323069496,0.0324115548641472,0.1320494595392002,0.10811361746640562,0.10960491376766891,1628365,Markelle Fultz
0.03260755393367691,0.02469242471987016,0.19996543907620684,0.2022085107969004,0.0900532305992932,0.0875035153880819,0.18976149574256856,0.0651422588613192,0.10806557088208288,1628368,De'Aaron Fox
0.060742673486314624,0.059097663809787114,0.14950235001382361,0.26100705004147084,0.10206662980370473,0.05548624550732651,0.15406068565109207,0.037408418578932824,0.1206282831075477,1628369,Jayson Tatum
0.03711605290291373,0.018811339248208353,0.12130500642828956,0.13379752797260658,0.14096157028475415,0.08027087921180259,0.19711808958871674,0.0728446136025153,0.19777492076019298,1628370,Malik Monk
0.1062765589736291,0.061418579590508914,0.1937712217636175,0.22817335258117644,0.1108208120692109,0.03202834312669012,0.13551938677998496,0.03904804505621861,0.09294370005896348,1628371,Jonathan Isaac
0.033010816365631475,0.029318272865030567,0.2697124344660617,0.20696096702837338,0.08770226255377703,0.0921045756187623,0.14955236618884224,0.0642101962970059,0.06742810861651542,1628372,Dennis Smith Jr.
0.11237315128496435,0.08554546550304797,0.10583613082247463,0.21966337806751415,0.09394690882792685,0.041425065331736476,0.17624309817327594,0.04277401502309371,0.12219278696596594,1628374,Lauri Markkanen
0.027163159697119587,0.02822381187930444,0.143202313458392,0.22243493398272518,0.08445026825463262,0.07472841596590693,0.17883879989345913,0.04107530154864731,0.1998829953198128,1628378,Donovan Mitchell
0.33079687894535037,0.13530700865678064,0.09152745262462242,0.08950743323493013,0.11850468688140804,0.014988045101297115,0.11265972336956692,0.03934985301865089,0.06735891816739353,1628380,Zach Collins
0.1516555331106622,0.12580251605032103,0.10879967599351988,0.2246444928898578,0.11757485149702994,0.019685393707874158,0.1113472269445389,0.05614612292245845,0.08434418688373768,1628381,John Collins
0.04115836919871339,0.04247871511327389,0.25512939657781336,0.3998987645525955,0.03918454579297083,0.037106273116096704,0.10244330948854673,0.013444495925139332,0.06915613023485016,1628384,OG Anunoby
0.20046139949099878,0.24631086556445536,0.13659261535924316,0.12075473112516256,0.08100353452250213,0.019977735881587872,0.12126823015251295,0.035440803307383514,0.038190084596153626,1628386,Jarrett Allen
0.18760553199419466,0.22768368920086515,0.14368163362115216,0.11182767766552405,0.08121986985093282,0.021244755165773472,0.12665156982664988,0.055367001921929386,0.04471827075297843,1628389,Bam Adebayo
0.24840672876855877,0.22508073413907934,0.12652966633247856,0.06291721035210664,0.08162082915598189,0.025905456670579523,0.15023099284098523,0.04671496440644664,0.032593417333783396,1628392,Isaiah Hartenstein
0.056308141409286215,0.0724827126698203,0.17349660310556458,0.3045149289456047,0.07778370467632295,0.027483875253765697,0.18341471420951133,0.01709877664906182,0.08741654308106238,1628398,Kyle Kuzma
0.04749429109219289,0.026491243156476628,0.26776736320119243,0.22913597232971214,0.07240710484325584,0.05948920801444664,0.15511221945137157,0.030741154775895514,0.11136144313545639,1628401,Derrick White
0.039353764502019266,0.03485303014349884,0.15646744105947502,0.2833553135255812,0.08651867661991637,0.06400251270181476,0.167094670680803,0.04276411476337238,0.12559047600351922,1628404,Josh Hart
0.05851893716268925,0.03457086908760925,0.27124958209287886,0.33294660341012217,0.04768519255568115,0.03451116807030392,0.09840120675656312,0.06439550729944438,0.05772093356470794,1628415,Dillon Brooks
0.04786476521196277,0.03756413507871788,0.059092061881815865,0.13396671803975888,0.21352347880372227,0.046713747829649425,0.17417429134395912,0.07981037476345616,0.2072904270469576,1628426,Sasha Vezenkov
0.1851999863540443,0.16967283821257473,0.07979472583812973,0.09576049398359561,0.12075696065578563,0.06706499861103665,0.10526392740351578,0.08325007675850069,0.09323599218281682,1628436,Luke Kornet
0.10893395802580065,0.06396893652525512,0.0799242667351261,0.11740581477440472,0.16151081445350107,0.050388293434311025,0.16083049868429497,0.04103716064437456,0.21600025672293177,1628449,Chris Boucher
0.1802205182739128,0.2081491016958639,0.08961162529192976,0.09861756310516595,0.1305352172873301,0.04294356787780418,0.10200623801116329,0.06852144888748683,0.07939471956934319,1628464,Daniel Theis
0.1373124627056517,0.08271353678288296,0.14746185320944508,0.19278514193163412,0.11033266558690649,0.04074141164436109,0.1735519137328446,0.04850396385644873,0.06659705054982525,1628467,Maxi Kleber
0.04381835832164815,0.034352281307302335,0.15933124797756443,0.3132391327796354,0.09621400064717936,0.07615575450328982,0.16190270736705856,0.035970229748678674,0.07901628734764318,1628470,Torrey Craig
0.03815763902384852,0.02470177776543861,0.29799642781124774,0.21737971626086233,0.056875537910547204,0.06254846978909279,0.13093274845683298,0.07255430004534644,0.09885338293678336,1628960,Grayson Allen
0.21535944644844648,0.2835297851322418,0.10559675306969904,0.09330901711522042,0.08250081575547898,0.018670743209115007,0.08880783482851257,0.06673550301941274,0.04549010142187297,1628963,Marvin Bagley III
0.2791670338460287,0.28553900800563986,0.07701954298032145,0.07746693691067712,0.04141783203747263,0.0196649968479064,0.11653934016173968,0.05072498152805364,0.0524603276821605,1628964,Mo Bamba
0.08094162939805769,0.03647258043506578,0.14445747036602838,0.2871130215796101,0.08840982443952353,0.043911828984122846,0.15191842878439205,0.06107709898253079,0.10569811703066881,1628966,Keita Bates-Diop
0.03539077875083114,0.034677416660262556,0.26760768092165715,0.28102289775366124,0.0670643896995192,0.04968140948320508,0.12052645119901632,0.04441221970884134,0.09961675582300601,1628969,Mikal Bridges
0.04501548859476204,0.05802414812728809,0.16516298225851872,0.30968741199662064,0.07420444945085891,0.03152105040833568,0.14852506336243312,0.05539988735567446,0.11245951844550829,1628970,Miles Bridges
0.029977360532909374,0.04043210696846179,0.25764293428755747,0.25182964103034944,0.07640397314190862,0.07629766187702203,0.13463355231843122,0.029105124927817066,0.10367764491554293,1628971,Bruce Brown
0.04279362839609043,0.03368873048407403,0.1299074913178078,0.23199547492047662,0.12354561876205016,0.10009913816697788,0.1592961798354185,0.05497606695171424,0.12369767116539046,1628972,Troy Brown Jr.
0.02608772409896987,0.02056723189774643,0.13787813253065223,0.15786983502078789,0.0729280499969105,0.11947884576341504,0.1745425335651928,0.061073203456707296,0.22957444366961785,1628973,Jalen Brunson
0.04518979519344463,0.026358686396348616,0.2020427130421243,0.10333266832432327,0.11532229418376633,0.1627455464670991,0.1659132601174633,0.1027000987781676,0.07639493749726292,1628975,Jevon Carter
0.3021520085413052,0.2116275190177499,0.09898238355798746,0.08777192045909515,0.07953756839717069,0.0201988522621113,0.11855064727078606,0.04646336580808755,0.034715734685706656,1628976,Wendell Carter Jr.
0.030641884416551007,0.020024943173817717,0.2609035865870094,0.23907026331140746,0.06227948423953494,0.07037796954518939,0.17228692696075473,0.03333534487960896,0.11107959688612637,1628978,Donte DiVincenzo
0.1832714399750113,0.32247249505431574,0.06694200534480964,0.04332072328462847,0.1110332141741575,0.03982924374414327,0.12953874986985042,0.06481102280220734,0.038781105750876343,1628981,Bruno Fernando
0.044266006748843144,0.03780779197274011,0.1358539688174906,0.21884315987866704,0.08447713868542003,0.07970352426050743,0.17475640296058073,0.06935750247556198,0.154934504200189,1628983,Shai Gilgeous-Alexander
0.034904545082111126,0.02791661301838868,0.20005930573275746,0.1677649932305627,0.12780385409229064,0.12747611188494687,0.16586877045950238,0.06662530872145424,0.08158049777798587,1628988,Aaron Holiday
0.034541286861003107,0.02124750124761403,0.1595338857608472,0.19390882408501256,0.085429841799722,0.03251690975168957,0.2194757483569558,0.04624771270761848,0.20709828942953729,1628989,Kevin Huerter
0.2035842584800967,0.1239646828159773,0.11250838291892169,0.14619810599426755,0.1276937468764283,0.02291900712067559,0.1119488097323019,0.05921864788323288,0.09196435817809805,1628991,Jaren Jackson Jr.
0.033932417640620036,0.035382628740914114,0.21891125716908702,0.2889526701538989,0.06711324761534852,0.0917592700015637,0.12938152910258413,0.05447497313956832,0.08009200643641518,1628997,Caleb Martin
0.11127720160846981,0.06622275206463528,0.07812567560055099,0.20234970011056685,0.12776339928224198,0.05920577171341565,0.1526378533969968,0.060750001544229826,0.14166764467889287,1629002,Chimezie Metu
0.04297275523656071,0.02114764904057419,0.10175589570821736,0.1619854987549436,0.1601453786436209,0.10306503588691956,0.18955983594551046,0.11945217518675845,0.09991577559689468,1629003,Shake Milton
0.046337330230673844,0.02795357868057923,0.33358036036303096,0.24174559180265506,0.07886584950125243,0.05460779518494914,0.09469534156427398,0.06427149258671884,0.0579426600858666,1629006,Josh Okogie
0.039890708342820456,0.02308823584303508,0.09853979179342086,0.21408921752697765,0.10088202249288,0.04826115032455292,0.1870331868894803,0.04836379788508699,0.23985188890174575,1629008,Michael Porter Jr.
0.03654804098354993,0.025215154425260757,0.18741522213240663,0.24817893110222167,0.0968764897299314,0.06267747217443573,0.15921312321088474,0.052150623066949474,0.13172494317435973,1629012,Collin Sexton
0.033924679099055464,0.02948050375393558,0.21853959796560912,0.19707556309033666,0.06873940421409543,0.1351356260595786,0.18274400581254543,0.04515621215790749,0.08920440784693631,1629013,Landry Shamet
0.04544053713605233,0.028418662126702115,0.1025710840561671,0.2432311941044292,0.10601196228797459,0.05277110380381608,0.19544188356666478,0.06062229030839245,0.16549128260980142,1629014,Anfernee Simons
0.023758276635718584,0.013080732539262719,0.1987418601681776,0.15950422268026193,0.11826696824325557,0.07502097659741348,0.20882658738120863,0.04687585502435109,0.1559245207303504,1629018,Gary Trent Jr.
0.20649609997425494,0.22100725731820173,0.09039988310359943,0.08167788083525261,0.1157587480952149,0.04383615021187472,0.1454942699889366,0.028204735695846698,0.06712497477681834,1629021,Moritz Wagner
0.03530858244937319,0.025665380906460943,0.13038572806171647,0.16330279652844742,0.1448891031822565,0.08651880424300867,0.20312921890067503,0.03794599807135969,0.17285438765670202,1629022,Lonnie Walker IV
0.06982680989290194,0.08578096356093011,0.17440219663589876,0.27610515228508026,0.09274193548387097,0.03448324381693629,0.14214614221850577,0.04802929919917667,0.07648425690669926,1629023,P.J. Washington
0.06658436069347907,0.07234431429751413,0.18100137957698828,0.19522771807421596,0.09822236672143966,0.06584624306916337,0.17405516550530303,0.06225231320791192,0.0844661388539845,1629026,Kenrich Williams
0.026032301246990363,0.018344988946118482,0.16990624714275332,0.1284125782152963,0.10002883621265651,0.16903178313292558,0.21251116524087615,0.05044696129617605,0.12528513856620724,1629027,Trae Young
0.2505368144066672,0.2075812509272249,0.11114205475637084,0.09579632025111201,0.08877673986429332,0.0184299772781102,0.1550059732803069,0.041016524774147536,0.0317143444617671,1629028,Deandre Ayton
0.05654214634774583,0.03511122400062963,0.10710094946445053,0.23702267409829497,0.08664310296716585,0.04155248527865029,0.17001638488011847,0.04253092735559483,0.22348010560734957,1629029,Luka Dončić
0.2383145647649037,0.31962427282916156,0.13146715055772004,0.08549927950045365,0.07238618775684476,0.02694668303356994,0.0801462347227411,0.007370443507498534,0.038245183327106795,1629048,Goga Bitadze
0.0802749800739077,0.04112926599521774,0.10094377219042099,0.13236359684080864,0.1634120715890153,0.07884392435330774,0.14962683863488152,0.12188428374755454,0.1315212665748859,1629052,Oshae Brissett
0.07258137205808712,0.03884827240861292,0.12349023535302953,0.29117676514772156,0.09330746119178766,0.029186279419128693,0.18750375563345015,0.06253880821231847,0.1013670505758638,1629060,Rui Hachimura
0.22299151059643676,0.15862998590772626,0.06447045047620993,0.05701584189421944,0.1257684373914997,0.029716316402181236,0.11661867124154975,0.08381839348079162,0.1409703926093853,1629111,Jock Landale
0.02749925035288267,0.03011753004073692,0.09224194464556928,0.1989892562769233,0.127101145070735,0.054384155751073276,0.2237458952249307,0.04016158247459123,0.20575924016255762,1629130,Duncan Robinson
0.02207522175830441,0.02586481546690813,0.13699548937739991,0.0748947800861881,0.13855492395660413,0.1697771517681976,0.22620185455338132,0.10324966044569646,0.10238610258731995,1629162,Jordan McLaughlin
0.1996728300203242,0.18481386011004808,0.1049381186073795,0.08680331796625854,0.11554635734232224,0.03274178357210133,0.1556866438639105,0.07717824154397793,0.04261884697367769,1629234,Drew Eubanks
0.04116945313715659,0.05001815384083404,0.22183647711751586,0.29114611248465566,0.07138781790833175,0.05796089144003181,0.1597710887117689,0.0411175850204879,0.06559242033921747,1629312,Haywood Highsmith
0.039012796592849466,0.0267798867359788,0.22665660168379692,0.22374918414303704,0.08306577620136998,0.07715534575853271,0.1724276606826168,0.07170641016343511,0.07944633803838319,1629599,Amir Coffey
0.03991693357160891,0.0341399060428599,0.2487290044404402,0.2735400258406887,0.06348789893419535,0.06559426158499458,0.13316122708619008,0.05910191230996945,0.08232883018905285,1629611,Terance Mann
0.027446300715990447,0.025789354449519773,0.358097962667341,0.26888102124789914,0.024935855895725657,0.05977124131354481,0.12106771615377725,0.04714789233273799,0.06686265522346382,1629614,Andrew Nembhard
0.02683417003653287,0.02960261344312181,0.15744530239294402,0.27254623564925184,0.063723017338877,0.07579961433000008,0.1736125236975501,0.04176260953760282,0.15867391357411942,1629622,Max Strus
0.07196845911386134,0.06062554685276352,0.10223379471015487,0.11897407786129179,0.1993337620307608,0.06570666554221441,0.15869535425517337,0.0686161857876261,0.15384615384615385,1629626,Bol Bol
0.08432175663251361,0.06046500070404453,0.10509107023051246,0.2525676918107197,0.09951255269980369,0.0338728247094781,0.17650603407575519,0.04082215835203883,0.1468409107851339,1629627,Zion Williamson
0.04041886373500419,0.0338846086520731,0.18105761414564317,0.28123673666112753,0.09031659365086217,0.08501245704776361,0.15680773463970477,0.03911920639373862,0.09214618507408287,1629628,RJ Barrett
0.05784433223054153,0.01993980249247531,0.3426083928260491,0.32856396607049576,0.05592398199049775,0.04017313002164125,0.0878336359792045,0.01967115245889406,0.04744160593020074,1629629,Cam Reddish
0.04272479622364822,0.03302702210899827,0.1880174688381403,0.304133863535406,0.07206430930119295,0.05915535170487082,0.1576236171841132,0.03955642852173168,0.10369714258189854,1629631,De'Andre Hunter
0.03087334683664959,0.02368799396322332,0.17131736764764288,0.20033202271734382,0.0877969736685333,0.09020532983835737,0.20411295126891457,0.05166527661940506,0.1400087374399301,1629632,Coby White
0.02571972010746761,0.02393935330721136,0.23028808668921302,0.15590749045256577,0.07022144088040008,0.13387017475901733,0.16389306873656034,0.06202976713696161,0.13413089793060295,1629636,Darius Garland
0.19301415576422493,0.16684829560533254,0.1255837064725778,0.1078198316215041,0.14632893094900648,0.028452690837431748,0.10451098525700024,0.08462402809696161,0.0428173753959605,1629637,Jaxson Hayes
0.02937921954225846,0.018003380302733192,0.2673684063086534,0.25548131962536536,0.09899291256968373,0.06849081622171799,0.10395131243521866,0.0930657104705344,0.06526692252383487,1629638,Nickeil Alexander-Walker
0.02575142728317679,0.020940895552718983,0.18788381057618422,0.20048962639791196,0.07643823785301047,0.06696323674166652,0.20704338051782278,0.04308204258670071,0.1714073424908076,1629639,Tyler Herro
0.04409258045848898,0.03568026912190871,0.1510162999790593,0.32930280943277696,0.09785616658898338,0.024743814046488375,0.15785242878469574,0.04361522232054599,0.11584040926705261,1629640,Keldon Johnson
0.04340019548680464,0.034475797883642856,0.21244316008669414,0.1650588585270494,0.08851090051421528,0.06793166461263864,0.1838319663422719,0.09704219965152351,0.10730525689515957,1629642,Nassir Little
0.03155024367602693,0.04244604316546763,0.0970990949176143,0.349443026224182,0.07330006962172199,0.0993501972615456,0.10842422835924809,0.04280575539568346,0.1555813413785101,1629643,Chuma Okeke
0.15081676469981692,0.22983751778688732,0.1511879693045871,0.11439746847625092,0.06786170107947215,0.02468968899011725,0.12774479454283405,0.07651855908454529,0.05694553603548899,1629651,Nic Claxton
0.03986795864292536,0.032668322947950114,0.33151565108955255,0.3550494482585028,0.03994481624308522,0.03371935063013625,0.08311573025288072,0.035271874153365496,0.04884684778160144,1629652,Luguentz Dort
0.25666362751939364,0.21682702837612758,0.10262215589297446,0.09566182949874442,0.09289348892409091,0.020453121577775853,0.1399527319217428,0.0417059293933081,0.03322008689584213,1629655,Daniel Gafford
0.027634371661591897,0.027982624982940296,0.2546767126768915,0.26505842655384515,0.10072050788511407,0.09232007303907497,0.11860378654895079,0.04590355265449036,0.06709994399710102,1629656,Quentin Grimes
0.07404605168043334,0.03874104845161103,0.13075766483860707,0.21761780382254006,0.12379882991335188,0.06851368153210027,0.14940290883155186,0.06852331980762001,0.12859869112218442,1629659,Talen Horton-Tucker
0.038288174070240225,0.03366435873647534,0.1291565862520546,0.23991038747572493,0.08879515304828754,0.0550711321784733,0.18002452113680228,0.04636344381766058,0.1887262432842811,1629661,Cameron Johnson
0.07361928739225247,0.06012335395472031,0.10345634411822513,0.21157355845274084,0.14561943713908673,0.09623105936526062,0.13916160491169619,0.03852237311295591,0.13169298155306186,1629667,Jalen McDaniels
0.0330479671885241,0.04252113218511186,0.0884004405494706,0.14641513003641968,0.16205058210639403,0.087603127090414,0.17920633526355265,0.06531889159915405,0.19543639398095908,1629670,Jordan Nwora
0.035630602149737796,0.022977255688035502,0.13077147437716918,0.19192605309159386,0.09913615071263163,0.0736023865965356,0.20279610768655562,0.0369558366105318,0.20620413308720906,1629673,Jordan Poole
0.10241970582648234,0.08406331679799556,0.07335101484333108,0.16145158304017773,0.1316639294791489,0.03065329412302195,0.18855094174479473,0.06227562476405283,0.16557058938099486,1629675,Naz Reid
0.07739291888085026,0.0361866956911454,0.06921057686151481,0.23064216659197131,0.2600550611434791,0.06246238555605353,0.11707535693706383,0.07456303220436648,0.07241180613355527,1629677,Luka Samanic
0.043352574117559,0.02767616855800145,0.22444359207042686,0.26919946487543384,0.09826209253663389,0.0592316783764146,0.12492164915661748,0.07319294109575798,0.07971983921315483,1629680,Matisse Thybulle
0.13991932379135405,0.0901533104622413,0.1816305491628667,0.19915388366542044,0.07483937478077117,0.032785938556041304,0.14036419790053642,0.06444685893213103,0.07670656274863757,1629684,Grant Williams
0.032743636851557505,0.03219040934706769,0.18999649072105362,0.24885329149722357,0.07755919327869867,0.07622566727907025,0.1838944739178003,0.04910926243213674,0.10942757467539169,1629723,John Konchar
0.031919733488570044,0.026817468043577163,0.09860140202231692,0.1673865932227435,0.12259134424882227,0.0959304174269515,0.23504664439215534,0.049721405544494404,0.1719849916103689,1629726,Garrison Mathews
0.05925850891410049,0.0562196110210697,0.169307131280389,0.3416329011345219,0.06626418152350082,0.03696920583468396,0.16145461912479742,0.02514586709886548,0.08374797406807132,1629731,Dean Wade
0.036445919093091084,0.026355458059959792,0.1440713960914038,0.32703387416738705,0.08829070121875046,0.04513557495473617,0.12947037571893286,0.0489332393911078,0.15426346130463098,1630162,Anthony Edwards
0.1900759025051166,0.35903173020499873,0.07519166455958895,0.06097008267695875,0.10810024283076747,0.034726230970702876,0.08933691457032313,0.03786537920242735,0.04470185247911607,1630164,James Wiseman
0.03556286107955232,0.027581038942203095,0.23745799995165462,0.20417704077932752,0.07664192994754526,0.08082863980275085,0.1533080325847857,0.044298871135391236,0.14014358577678937,1630165,Killian Hayes
0.05450997155549874,0.049014829492793,0.20851976733037172,0.3133229729297836,0.06422984115823452,0.05506927354661383,0.125015980056889,0.0392310396625012,0.09108632426731439,1630166,Deni Avdija
0.05682264938223715,0.052021030670601605,0.11548522034502459,0.25301542703479074,0.11250255544663965,0.06382326268943067,0.17920626516886912,0.035003066535967575,0.13212052272643876,1630167,Obi Toppin
0.21689996147425195,0.15794239577468033,0.12511318996486584,0.10982801710938349,0.12304201940775718,0.036016635220436424,0.13100730013533404,0.052602463672195274,0.04754801724109545,1630168,Onyeka Okongwu
0.021831289567323383,0.01370525441965239,0.11896894254754123,0.16795485043501387,0.085938916716703,0.04949768892578369,0.20765414885171646,0.040239287858700075,0.29420962067756584,1630169,Tyrese Haliburton
0.028923306202938644,0.022817938172341817,0.17964932215182317,0.21886282888913589,0.08947472427038175,0.04355272312588256,0.18536770124453994,0.04117315284827975,0.1901783030946764,1630170,Devin Vassell
0.021978410817237375,0.022815840874135445,0.2972570037460252,0.3273407939308731,0.05508402608063862,0.05166117815793695,0.11924296322856416,0.04439322884722445,0.06022655431736477,1630171,Isaac Okoro
0.04358116228759499,0.04108499898304458,0.1842575300926354,0.33277000166410886,0.08256198805539634,0.05364717193942644,0.1297598136198066,0.05803672133572472,0.07430061202226207,1630172,Patrick Williams
0.12920838748241706,0.14888346324156984,0.09729289276548418,0.2074982974635925,0.11108566806339087,0.03586775827254263,0.14610884932329757,0.04980327898103568,0.07425140440666977,1630173,Precious Achiuwa
0.03982275535656052,0.032068853065865204,0.22376585374452446,0.34603469094562794,0.045948316131818545,0.06252038181193206,0.15879965450074476,0.026895177993812743,0.06414431644911378,1630174,Aaron Nesmith
0.047748730086965764,0.02801787186510997,0.19376878274513976,0.11684795617137841,0.14232334246429615,0.13468524773277304,0.15879896811255018,0.07645807292359245,0.10135102789819418,1630175,Cole Anthony
0.03680245678354159,0.02375353290439431,0.16025509943254435,0.17370752298670092,0.07460909827864483,0.10239945372351691,0.18326918723115235,0.05076975322617161,0.1944338954333331,1630178,Tyrese Maxey
0.052205354108501786,0.03486021070563588,0.15685911803043143,0.26327449807921466,0.0888960108751296,0.04420387426491781,0.22620742761026771,0.023445196315877777,0.11004831001002335,1630180,Saddiq Bey
0.03826349267183028,0.02207105017524556,0.22666946894722853,0.2474949466227368,0.09567418543267418,0.09896892559326957,0.13510289108812967,0.05504008703553745,0.08071495243334796,1630182,Josh Green
0.037065393049682094,0.021821012135273734,0.29881998142170607,0.35758762125730087,0.061482276392417684,0.03599014247600303,0.09749574777633092,0.03991788224415611,0.04981994324712949,1630183,Jaden McDaniels
0.16215759816556163,0.19376699788470766,0.11758092326288284,0.1245933839344437,0.09264624846685746,0.02689887480669072,0.13515651385605346,0.06357875464386653,0.08362070497893595,1630188,Jalen Smith
0.13079128036803142,0.0958340531444549,0.1726331010742781,0.24919221196358074,0.05609728007370866,0.025609280124895228,0.15427951705472484,0.03854348618922395,0.07701979000710213,1630191,Isaiah Stewart
0.028650657479498628,0.021938009401353015,0.1778806169438539,0.12697978686317,0.09244815698391108,0.11478719356169097,0.20948201415899362,0.05975304928760712,0.16808051531992171,1630193,Immanuel Quickley
0.22041608927138792,0.22306602970850653,0.09995016167067804,0.08850557946174603,0.08002698563197432,0.033601366299564825,0.13825881895315195,0.044571876595434316,0.07160309240755598,1630194,Paul Reed
0.03391501560227379,0.02872510387958103,0.09689028298847806,0.1534001242975723,0.13252008447028735,0.10259430508871659,0.1964292105802614,0.06277678173411383,0.19274909135871562,1630198,Isaiah Joe
0.022226484711075092,0.019207062129845947,0.2836252898731886,0.18467831619238095,0.0681169665255735,0.14393874085121422,0.14173613565634186,0.06699626720920007,0.06947473685117975,1630200,Tre Jones
0.03664306784660767,0.03463716814159292,0.1707433628318584,0.12080825958702067,0.11732153392330383,0.20416519174041298,0.17611799410029497,0.0419882005899705,0.09757522123893805,1630201,Malachi Flynn
0.04316410118655151,0.020380032940167738,0.17934211918696935,0.13031445107408282,0.10425807291878648,0.1564766501965828,0.16143124214821988,0.09688587887026621,0.10774745147837318,1630202,Payton Pritchard
0.2717992660618818,0.21285802102820528,0.1058675132590525,0.08327722795990218,0.07620395922092922,0.02736966477815536,0.15107203397723673,0.03701890196683707,0.03453341174779992,1630208,Nick Richards
0.29779009997166794,0.17695389970453715,0.042811753753996845,0.08093860039664873,0.1520318128465617,0.016533775852997125,0.05232322823491317,0.087495446634557,0.09312138260412028,1630209,Omer Yurtseven
0.1735518368155263,0.13084958906822458,0.13436973957817605,0.12059114763838004,0.11307555203485493,0.03580057431428855,0.1086444202396277,0.11157540350529756,0.07154173680562431,1630214,Xavier Tillman
0.035948367154183,0.023701626008503708,0.1515657447424241,0.29368963685916083,0.09567468381401235,0.041907960222737406,0.1429761711681629,0.04172351177130936,0.17281229825950623,1630217,Desmond Bane
0.029674524412509572,0.017089124801225042,0.10498078508746099,0.22957587313740505,0.10807468048766122,0.06878717827905059,0.16942988397432124,0.054387036927969847,0.2180009128923965,1630224,Jalen Green
0.055609900279386615,0.06136887712853426,0.2030397076175664,0.3083808947409164,0.06777060740198597,0.03600357502269576,0.1329561262142527,0.05203956921445679,0.08283074238020507,1630228,Jonathan Kuminga
0.053647369179105044,0.03783818613218918,0.18215999454202264,0.25926150534047926,0.10107112805779393,0.06578757855318118,0.14088025046051683,0.07146160085508313,0.08789238687962886,1630230,Naji Marshall
0.08029759532350206,0.07119702404676498,0.11039590806430184,0.2243058323369204,0.124239404809353,0.05219875116248174,0.14835924006908463,0.07338248970373323,0.11562375448385812,1630231,KJ Martin
0.021184846856528747,0.018135411069317573,0.10112394769837006,0.13377216550241805,0.12848379007701952,0.14328765896471432,0.19816406949668636,0.05750940354648039,0.198338706788465,1630241,Sam Merrill
0.028978646151994462,0.02073800663985316,0.2933290538710745,0.2559171924052918,0.06312273698358091,0.0712991845618399,0.1435050801897674,0.04522321742008605,0.07788688177651178,1630245,Ayo Dosunmu
0.0656820253352927,0.04861046522442754,0.20369612529994977,0.22518555032645698,0.12828549638200115,0.055260514518499226,0.14690563440540189,0.05876690414628249,0.06760728436168828,1630256,Jae'Sean Tate
0.19717091591860844,0.15491397770065718,0.11674982331410005,0.09558970896931467,0.09871203890254322,0.0466450775835698,0.12677081465385387,0.052657672387422076,0.11078997056993069,1630264,Anthony Gill
0.04866987940551356,0.03437020716715844,0.26223656449741917,0.29796141599258835,0.05839373438071733,0.03628928663184037,0.14926973771283097,0.04393251691359081,0.06887665729834096,1630529,Herbert Jones
0.035796757023689604,0.02158243102572664,0.11698620374241374,0.23815028577360894,0.11648957213924765,0.07071809562823898,0.19112179819921943,0.06828263669293858,0.14087221977491646,1630530,Trey Murphy III
0.039384753805122054,0.03618213172523859,0.2621544327931363,0.15383297094075685,0.09985968445068069,0.14125812705519436,0.08434999625111128,0.10841786184809504,0.07456004113066485,1630531,Jaden Springer
0.03336777367773678,0.02991586715867159,0.14214022140221402,0.3111045510455105,0.06952816728167281,0.058519065190651906,0.17342386223862238,0.03529446494464945,0.14670602706027058,1630532,Franz Wagner
0.03360415120946372,0.030018848186841293,0.24386973091793895,0.2269570547058254,0.08621778181265177,0.07438351682281322,0.1149877648078084,0.03329078282188233,0.15667036871477485,1630533,Ziaire Williams
0.05063226768823948,0.02694059282864924,0.179792295261665,0.3317427761015244,0.07820851838040026,0.06491055587573877,0.11258207049304449,0.045727814127990415,0.10946310924274784,1630534,Ochai Agbaji
0.030121137966598977,0.025515204704586073,0.23817607605235006,0.24833603454129644,0.12170169695649667,0.07120939379768486,0.0906196549713971,0.07623812482783802,0.09808267618175179,1630537,Chris Duarte
0.03269833103844815,0.019538047178804342,0.17967059571184313,0.26404923663544616,0.06473467596725628,0.1673236090726142,0.11955469140098958,0.060622796531949345,0.09180801646264887,1630540,Miles McBride
0.053815027914838394,0.03123559440678834,0.16231582182308651,0.2267888545525943,0.11691792866777075,0.05506991514572058,0.1648682795239965,0.07711580816444999,0.11187276980075463,1630541,Moses Moody
0.28079638448084365,0.19469800457046563,0.09392434475098624,0.0706379501844783,0.07848306502061818,0.04193849021435229,0.14815074876482529,0.051596471294156704,0.03977454071927384,1630543,Isaiah Jackson
0.17584538436446667,0.27282809611829945,0.08402740023920845,0.07841687506795694,0.11299336740241384,0.039637925410459934,0.12555724692834622,0.06359138849624878,0.047102315972599756,1630549,Day'Ron Sharpe
0.056512860212757435,0.07325716421297099,0.10808718516837734,0.23311221152947773,0.09813670399487459,0.09114934397565434,0.14864991123983928,0.03480332617023264,0.15629129349581558,1630550,JT Thor
0.040632427893996195,0.053794212598890764,0.14748530681267222,0.2971015692442321,0.09165474261792983,0.04077433392855031,0.1964357934321157,0.03493253550607239,0.09718907796554047,1630552,Jalen Johnson
0.034968556201022336,0.02731523362143192,0.1029590958136696,0.18696689954332923,0.12458937777244934,0.0817582369674445,0.2505607568309882,0.035836121677147934,0.15504572157251692,1630557,Corey Kispert
0.03076841133442227,0.021700340884880334,0.24768748668418433,0.2136078758610894,0.0766236417868049,0.09650415453447908,0.12642479227327605,0.11135572757616646,0.0753275690646971,1630558,Davion Mitchell
0.04260956495599225,0.021919982103283626,0.1978723181141335,0.25219689184371136,0.08125703459798801,0.08221653628629154,0.15513866459735884,0.049345301762407104,0.11744370573883378,1630559,Austin Reaves
0.0328304422184217,0.020532240786333138,0.1168293897648894,0.1675045574996711,0.1351956435941288,0.0761736736266421,0.15962760059388448,0.07156449096957282,0.21974196094645643,1630560,Cam Thomas
0.08742056987186728,0.09097614058573124,0.19294300215508514,0.2790995112156087,0.07177861669540823,0.056198480995389266,0.1174873114300514,0.024287873329595863,0.07980849372126286,1630567,Scottie Barnes
0.0564435903931588,0.050369802833610346,0.11794764061466977,0.16299129403187038,0.17471253004454934,0.08278393257663291,0.1280376661332279,0.047688191642517745,0.17902535172976278,1630570,Trendon Watford
0.1453951744572776,0.14637479591219688,0.07874463324665901,0.12681864908991958,0.16328233657858135,0.03932998730120336,0.08022011247505594,0.07013363971699824,0.14970067122210798,1630572,Sandro Mamukelashvili
0.03615249346581979,0.024369731242018106,0.13378999442152328,0.17824224181139084,0.10306023338987322,0.0865032012527503,0.2125994285601017,0.06508977949442576,0.1601928963620969,1630573,Sam Hauser
0.03947873721360539,0.030354099422053377,0.1529130604511221,0.27964555146137027,0.10294178322399637,0.036530289036787365,0.16535113193115422,0.07401271419095408,0.11877263306895688,1630577,Julian Champagnie
0.2947258182086605,0.18903457375642435,0.09224973933583695,0.10368436107292137,0.07063076113935614,0.031185122304548014,0.13384989435027728,0.03328427618406119,0.05135545364791423,1630578,Alperen Sengun
0.30203543496130153,0.2136352168499182,0.0551789245806646,0.07120360046552131,0.1246897202802894,0.02689769111196113,0.10888478347562117,0.0777794959022731,0.019695132372449603,1630579,Jericho Sims
0.041176470588235294,0.03391148459383753,0.07913725490196079,0.21973781512605042,0.08015238095238096,0.0386218487394958,0.22004257703081231,0.05934341736694678,0.22787675070028013,1630581,Josh Giddey
0.06871425190896971,0.047119663397994935,0.129255862542638,0.21369783159510797,0.11694207005615807,0.027902990286331024,0.18145168272144338,0.05253346107895026,0.16238218641240673,1630583,Santi Aldama
0.0415599935759969,0.02579520656004081,0.3326570810463567,0.27514099742095166,0.050610280294370494,0.041966217301351874,0.11191463633529518,0.04861222638942684,0.07174336107620946,1630591,Jalen Suggs
0.04122716849845813,0.03842808571202656,0.0901083260852376,0.23050525816399145,0.15649561160749584,0.07446825334071322,0.208065153791413,0.03706017237289476,0.12364197042776943,1630592,Jalen Wilson
0.03657072111188642,0.032710004396623575,0.15361715251909033,0.2437413735402007,0.0706806454505883,0.07470760265897294,0.15826532420177222,0.03561046352661707,0.19409671259424852,1630595,Cade Cunningham
0.11310451701421961,0.1671714836105488,0.12697498782620414,0.21280407692001438,0.09654815463630212,0.02621577172678021,0.11457149769846352,0.05799626976519122,0.08461324080227613,1630596,Evan Mobley
0.04536876446902959,0.03709419863542248,0.17983236936806155,0.20460258398722525,0.10887968643750526,0.10897519158332253,0.12853464544669668,0.07431446406332373,0.112398096009413,1630598,Aaron Wiggins
0.06668198552368013,0.03858853383552543,0.08249704029691941,0.16778644181248722,0.18121375300341178,0.07046341207558857,0.18848687989849594,0.05133149174030541,0.15295046181358618,1630625,Dalano Banton
0.03731339704888002,0.02314763752151958,0.2241585183977442,0.16636375407013826,0.08685519179402583,0.15908426085330238,0.11007476106669992,0.10041672461168842,0.09258575463600137,1630631,Jose Alvarado
0.14212339492640153,0.19318509238960227,0.10256185405574696,0.108825555903539,0.09171312245537112,0.06761039774506733,0.13745067334794864,0.09831506420294395,0.058214844973379275,1630647,Eugene Omoruyi
0.037168399572441946,0.03826644640948402,0.19943154212418618,0.18298999125449425,0.0760859003012341,0.09850354678845594,0.14118161500340104,0.08526868137207269,0.14110387717422992,1630692,Jordan Goodwin
0.021176752738028617,0.03603805260212647,0.2596930210248621,0.22084099448397151,0.09882484611080022,0.12006555280198256,0.10565193060996082,0.05375329762570949,0.08395555200255815,1630699,MarJon Beauchamp
0.06065718567331262,0.03514848373576279,0.2433333664142592,0.2743368101386422,0.08779677725620184,0.07260601609717852,0.08319191237524357,0.07335695311440377,0.06957249519499552,1630700,Dyson Daniels
0.03432434043229498,0.030524872854418312,0.09158951843610935,0.11426712492053401,0.21270561824539097,0.07663004609027337,0.1552616417673236,0.11008522727272727,0.17461160998092817,1630702,Jaden Hardy
0.05296742656274531,0.038805525323512426,0.15546159229584058,0.21056314978565552,0.10041059401751477,0.13486004411956454,0.1577287737794607,0.07544764859751409,0.073755245518192,1630703,Scoot Henderson
0.031570224293718765,0.030598509195537683,0.2603039659436994,0.18976628358937256,0.04898117144251317,0.09071233867846747,0.1839254766031196,0.04583466541030776,0.11830736484326362,1631093,Jaden Ivey
0.058756923728897736,0.09190805221807635,0.12236914855930156,0.269210140345185,0.08304832787601683,0.024693667416013056,0.16947864693866066,0.032096635887180876,0.14843845703066802,1631094,Paolo Banchero
0.07770274066499612,0.07589360960974458,0.14861843066308583,0.21278639893025295,0.0853625191494462,0.046423126912603606,0.17525535716292293,0.05444061143385809,0.12351720547308964,1631095,Jabari Smith Jr.
0.23901928071226872,0.24178189560375285,0.0872248408571845,0.09939114487440452,0.07322999173915157,0.020180586826196428,0.12287787082480703,0.05638074052477085,0.05991364803746358,1631096,Chet Holmgren
0.03170827540349392,0.02389228072296439,0.15113945475427673,0.24900259928670734,0.12299764250740494,0.09311793507828084,0.13910113038747504,0.03306534485885269,0.15597533700054403,1631097,Bennedict Mathurin
0.03198950308461987,0.030224670820416806,0.21291550290046346,0.1741505785580553,0.11989349620944723,0.12244099321690556,0.17183327706331908,0.03796691323163807,0.09858506491513458,1631098,Johnny Davis
0.02985173533484237,0.02701967445250892,0.20106585936655308,0.3423131519930803,0.09192862648534966,0.03890944729471918,0.1348019126874235,0.04383416400143696,0.09027542838408605,1631099,Keegan Murray
0.02638180088227662,0.021394760625050333,0.18844867852381222,0.15232544613429813,0.15507249402718415,0.11904470738421984,0.14417378284303053,0.07806567263898542,0.11509265694114279,1631103,Malaki Branham
0.03355126828960284,0.0229377019820792,0.2290785312064106,0.20388494411948727,0.09001727789864016,0.16324457123832592,0.10029791459781529,0.09630275929763332,0.06068503137000534,1631104,Blake Wesley
0.2901008766275622,0.2367726999269477,0.11818894761720596,0.08269949722830991,0.03371685789179665,0.017852155042757077,0.14317713033389196,0.03150648876283786,0.04598534656869064,1631105,Jalen Duren
0.07342097653668209,0.10727858559154,0.11049549735624585,0.19023153502974222,0.10405651024454725,0.03506072372769332,0.21028172504957038,0.04567188532716457,0.12350256113681425,1631107,Nikola Jović
0.030174896105176322,0.02113176613417867,0.20331218254359432,0.23112642223063873,0.11312473085922706,0.0736109741988036,0.18745168436726625,0.07397934036514944,0.06608800319596561,1631108,Max Christie
0.06609376770079786,0.033995646615202865,0.2498179346506773,0.38327992749753204,0.04421558155718471,0.028123027625382345,0.10264844394814779,0.024481720638928,0.06734394976614719,1631110,Jeremy Sochan
0.0625023110441638,0.04949234874094314,0.23264381506197493,0.25486876188363233,0.0660053674608874,0.047419707027715016,0.14457697674554382,0.0744555179950062,0.06803519404013335,1631114,Jalen Williams
0.30208920577018733,0.1730293483667717,0.08526280882109104,0.1017078428121373,0.0981993035980766,0.025339081412701043,0.10115403747305587,0.044118719946940804,0.0690996517990383,1631117,Walker Kessler
0.32106418553863303,0.1744600020473856,0.05510879579603489,0.08421579444248552,0.0857740823731474,0.021884277216010554,0.13575872698112992,0.06137607061205456,0.06035806499311851,1631119,Jaylin Williams
0.02977303143100188,0.03034736106370182,0.11871285143826227,0.20595677356783318,0.1362949236845955,0.06099814155599984,0.20880674891500464,0.02586108808374376,0.18324908025985706,1631121,Bryce McGowens
0.048145579174996934,0.02773325250782511,0.17776560214032164,0.1774974790601703,0.11507726024842187,0.08328718896265512,0.1426152492087455,0.10429696379755542,0.12358142489930812,1631128,Christian Braun
0.09661741006335428,0.0645878276786298,0.11627457500902423,0.1924332989418215,0.16118818409975244,0.0497966353163877,0.17510679843447566,0.05891180708919908,0.08508346336735535,1631133,Jabari Walker
0.024497238818629027,0.019153928793561644,0.22613886951768852,0.30513410106112293,0.08879129992272462,0.05753717699832256,0.14895301279755735,0.06559926117194716,0.06419511091844621,1631165,Keon Ellis
0.044095561092555254,0.042360190162375015,0.13017638652923672,0.24639053558688745,0.10244044571181272,0.0750580063801662,0.15985122943531888,0.04716352550245415,0.1524641195991936,1631170,Jaime Jaquez Jr.
0.041859800376997006,0.03538982108093075,0.11873087976267728,0.292929761132227,0.1198858193504527,0.05085210592997744,0.18179676153394517,0.06827662927598034,0.0902784215568122,1631200,Kris Murray
0.028233454359657205,0.023000162572673857,0.16383841824529896,0.13185805083105603,0.10066732211839935,0.18230977061769876,0.1466405518181044,0.06445232362800275,0.15899994580910873,1631204,Marcus Sasser
0.029968231556653725,0.02275326509001059,0.11922343805153546,0.2254076950229439,0.1354888810448288,0.11140134133427461,0.2008824567596188,0.032234380515354745,0.12264031062477938,1631207,Dalen Terry
0.06625426001001405,0.036890475344434924,0.18255293718605137,0.24729539838159997,0.08825287096409476,0.059515772131862446,0.13175908129148967,0.07872660022935409,0.10875260446109862,1631212,Peyton Watson
0.031837716003005265,0.025166040570999252,0.066374154770849,0.17220736288504884,0.10794891059353871,0.08495266716754322,0.2521893313298272,0.035047332832456805,0.2242764838467318,1631216,Caleb Houstan
0.22146163569281224,0.22776031702650995,0.09861813336977317,0.08323654003826181,0.12459005192675593,0.023781258540584858,0.10681282454222464,0.04605937414594151,0.06767986471713583,1631218,Trayce Jackson-Davis
0.03437258438546766,0.04369214912889224,0.1837234654034448,0.25403841198739424,0.12038530909955801,0.05236160386894734,0.150024775533665,0.05757437615206232,0.10382732444056846,1631223,David Roddy
0.04108702375752087,0.03134615323298058,0.28883355068281746,0.3253068135077656,0.04660313047027201,0.05015512057316494,0.09775306335232616,0.04206589356145995,0.07684925086169239,1631246,Vince Williams Jr.
0.036492879536424376,0.025878674070551822,0.13909686570652569,0.1503719404572893,0.14452082947154635,0.10025064676536721,0.23792906132383398,0.05728608386592412,0.10817301880253709,1631260,AJ Green
0.03676415223253752,0.04546227791055349,0.1430603235513117,0.29478809647975507,0.1115669175616245,0.04340975450593029,0.17136897175828192,0.021398114244122003,0.1321813917558836,1631323,Simone Fontecchio
0.20087909629795322,0.2018566155910972,0.09386198411810759,0.11581254893188682,0.12140700145397605,0.02155910971927077,0.11712560116318084,0.043858628788726095,0.08363941393580136,1641705,Victor Wembanyama
0.03806490160779689,0.029141318517598856,0.20703100751132908,0.21596429014836427,0.07369715686883109,0.07162921348314606,0.16241309206033894,0.03355655223787945,0.1685024675647154,1641706,Brandon Miller
0.03830493761668883,0.03280721455587629,0.20987109975129348,0.21558928288472004,0.08609654773305041,0.08286198510516635,0.14004381643943203,0.08057471185179571,0.11385040406197683,1641708,Amen Thompson
0.037118719122001195,0.037853857886678645,0.25339133404531816,0.307643996029093,0.0665821546511998,0.05492702155924668,0.1313062026609708,0.02851701672585402,0.08265969731963775,1641709,Ausar Thompson
0.03333179737015177,0.03150120852375786,0.22203744119704594,0.22325224844064828,0.06337942619208196,0.13977404585268996,0.1440970840437163,0.05118108587011616,0.09144566250979176,1641710,Anthony Black
0.03220221986040957,0.023728912604409774,0.091789292223184,0.1777604902830888,0.110255258381087,0.061712703751995064,0.24083914960135283,0.04288516112066793,0.21882681217380506,1641711,Gradey Dick
0.03748332367435366,0.0437804598192928,0.19296696628951268,0.28492693532891744,0.06844002940478645,0.04157510083585828,0.13574820790273082,0.044947316424284615,0.15013166032026323,1641713,GG Jackson
0.05622862909502772,0.03083851781870494,0.07712045004374829,0.15243192175766132,0.15013983348810744,0.07063604107508066,0.21776448927227537,0.07119966933808569,0.17364044811130852,1641715,Cam Whitmore
0.04039998349449129,0.025047109472786544,0.27513307566400286,0.22690948103929684,0.0694111659766447,0.09949520652517778,0.11884791549179538,0.06622285187681388,0.07853321045899068,1641717,Cason Wallace
0.0422582248984286,0.02265205578517585,0.1876246101616605,0.24618950286509209,0.0947840760140819,0.09894235163543774,0.15619648354518106,0.07376419363100828,0.07758850146393399,1641718,Keyonte George
0.04460824119765965,0.02722635184375455,0.09526724550773522,0.13771003810356672,0.14012951048368627,0.10991317383971516,0.14753367897224476,0.09911924542444875,0.19849251462718887,1641722,Jordan Hawkins
0.2864514064222467,0.16989794104050354,0.09736851463319227,0.10801891824615056,0.08904021905337649,0.015550656093311048,0.13171651079264607,0.047701006365349734,0.054254827353223574,1641726,Dereck Lively II
0.034930305547863014,0.03455578852975696,0.2593055610502301,0.2789993538262716,0.06315095409529085,0.06506310084266329,0.14788147327610082,0.0365576083659717,0.0795558544658517,1641731,Bilal Coulibaly
0.04259775088298924,0.020486732697903638,0.1975338508007382,0.12791766600543272,0.1348364309955142,0.11659605056711757,0.1353962910996067,0.12339040220073405,0.10124482474996371,1641733,Nick Smith Jr.
0.03911647367908923,0.03810172507263098,0.05643670331808894,0.1590514185629492,0.22010314294054686,0.053823378139812895,0.19160677796466452,0.14241232155020225,0.09934805877201519,1641738,Kobe Brown
0.06984043098195075,0.06393006789367818,0.22222102385176634,0.25172160895614143,0.08169351316080395,0.0500493429035198,0.12452207488257468,0.07795369856069717,0.058068238808867696,1641739,Toumani Camara
0.05204791766355219,0.030976905835243155,0.2626908773432056,0.1740247311557156,0.08550129700052889,0.10605182965220239,0.14452531459608298,0.08098488091940129,0.06319624583406788,1641748,Andre Jackson Jr.
0.05901106335755623,0.04210208660861608,0.18031617936949082,0.1861496303290777,0.11528427426224003,0.06411198668308567,0.1598273084355059,0.06620979007364214,0.12698768088078538,1641764,Brandin Podziemski
0.025469089001740455,0.019651670123739362,0.16013995183940108,0.23328684166607064,0.12422215864387383,0.06495124335407576,0.1894833464463677,0.05663638747824428,0.1261593114464869,1641767,Ben Sheppard
0.02518491447457277,0.02873622575852672,0.13862825636177295,0.12155494998768561,0.14365729448871445,0.11931452541928514,0.20322716475065344,0.08509640975935298,0.13460025899943592,1641854,Craig Porter Jr.
0.18041080562659845,0.20964673913043477,0.09844149616368286,0.10753676470588236,0.15061540920716113,0.03487851662404092,0.11866208439897699,0.04112052429667519,0.058687659846547315,1641871,Duop Reath
