0,1,2,3,4,5,6,7,PLAYER_ID,PLAYER_NAME,Cluster
0.04344073277250299,0.14598213710590194,0.05409479149221236,0.24844072357051758,0.10548419927083467,0.13868312227046106,0.16652096856417742,0.09735332495339195,2544,LeBron James,1
0.01949761342268936,0.1421050094016682,0.034694566317921026,0.25823570062517076,0.17775099239830933,0.16896003085675715,0.12508557928740177,0.07367050769008246,101108,Chris Paul,4
0.048247208226853584,0.09523902722712758,0.04711763751964167,0.2517069379127546,0.21585984376135864,0.18769047525848714,0.0874941983682736,0.06664467172550313,200768,Kyle Lowry,4
0.056251604704750574,0.1203065432953404,0.04682812840238032,0.24497463347730986,0.18580124736340914,0.10429849620883423,0.1348016991182655,0.10673764742970986,201142,Kevin Durant,3
0.08126180892138339,0.14218352090692515,0.13367014430844218,0.16955557381089298,0.1346723623319368,0.10354883759139079,0.12193104959062408,0.11317670253840466,201143,Al Horford,3
0.024569725848870273,0.11031954081338825,0.023449914574397063,0.26972520897811353,0.24467129806389964,0.14921005313237876,0.12549138385210815,0.05256287473684435,201144,Mike Conley,4
0.0775901697957635,0.13559216910986743,0.12444635781885047,0.17352076294993687,0.15653388983341482,0.08942187716622765,0.13206418236079592,0.11083059096514333,201145,Jeff Green,3
0.021133882625896067,0.09862280258187334,0.04455516225943662,0.2139147505874654,0.26655760135637585,0.13067313126505845,0.14020940539575835,0.08433326392813587,201566,Russell Westbrook,4
0.09423208339997381,0.19660642365907208,0.25682035176488266,0.1646577586499363,0.08393794437093796,0.0786987898086085,0.05410723546146725,0.07093941288512148,201567,Kevin Love,0
0.08593248671045021,0.21031950375117844,0.1900781924627853,0.16321389243188858,0.08570274188565047,0.15169496225054863,0.05791154032021675,0.055146680187281645,201568,Danilo Gallinari,0
0.027198632286053813,0.1349283407821367,0.02110123702018218,0.26352458105113363,0.19088454231241492,0.14759501238996647,0.14044761996526361,0.07432003419284865,201569,Eric Gordon,4
0.0776002692835504,0.1270253528869308,0.2800867602918301,0.14196939488879107,0.11357511756258552,0.051349106604019736,0.07859215691742039,0.12980184156487204,201572,Brook Lopez,0
0.04960487568494428,0.057038307178091725,0.041199165020315356,0.23004497956039313,0.32887886581926173,0.1269927063530523,0.09813806985499685,0.06810303052894472,201587,Nicolas Batum,5
0.02622480019649706,0.1322217393768776,0.041929449997165906,0.2630188750543201,0.19144104143442855,0.14057097511667013,0.13030778241729174,0.07428533640674892,201935,James Harden,4
0.025092139528574236,0.12230053631033012,0.0329218500127056,0.3146939859493189,0.2131542193121395,0.16519963086870043,0.061525704492434906,0.0651119335257962,201939,Stephen Curry,4
0.02330143131360581,0.20289324354543148,0.03228822576844747,0.24121468803606722,0.07852189142907741,0.2018967118957964,0.1624331580898409,0.057450649921733245,201942,DeMar DeRozan,1
0.038043879147935125,0.061817565614377845,0.05618365048195293,0.17579569581642926,0.34383827912401194,0.08913587384495768,0.09659193987300764,0.13859311609732758,201950,Jrue Holiday,5
0.03779180955961959,0.09486039169416478,0.043153131543632865,0.2611262017594471,0.332635345827958,0.07476353782422385,0.08125611819543219,0.07441346359552166,201976,Patrick Beverley,5
0.053188260982199025,0.08200288664372155,0.029850856741053252,0.2937382036194071,0.15709633248214352,0.12716775841012545,0.12347433477665519,0.13348136634469487,202330,Gordon Hayward,3
0.04199018618745831,0.0941100402994309,0.046085158327155575,0.24412462538622612,0.2614873815774561,0.09717569548568339,0.10468747967842207,0.11033943305816757,202331,Paul George,5
0.01711853601829977,0.06320545993175085,0.019843501956225546,0.2801964975437807,0.3379707753653079,0.08948638142023224,0.09689253884326446,0.09528630892113849,202397,Ish Smith,5
0.016992085157209968,0.10547860887313598,0.022991714470730642,0.27297855738890275,0.23129234578183958,0.13909666908451881,0.1314792907532029,0.0796907284904594,202681,Kyrie Irving,4
0.04778572091727787,0.12426887011419552,0.2005663355305914,0.13519636059790177,0.12791755640144833,0.09899730758518244,0.09175564014483335,0.1735122087085693,202684,Tristan Thompson,2
0.07256288815760946,0.1031866866456919,0.31088744453170547,0.10326859422503383,0.08432626197898348,0.03195359212916344,0.07309528742333209,0.2207192449084803,202685,Jonas Valančiūnas,2
0.058720506838020076,0.09798320035790019,0.042725337688053075,0.2286990207899082,0.2341257024092059,0.12598327257991063,0.1403333848249519,0.07142957451205005,202691,Klay Thompson,3
0.03162107247429292,0.08805305974242694,0.028669875385316634,0.2979279815202528,0.18103508216225403,0.18726581633047226,0.1274384072806496,0.05798870510433486,202692,Alec Burks,4
0.020988477974720064,0.17917139989301406,0.0811470335443,0.21688694951826273,0.14019966702128298,0.11299638772186059,0.12923661323380034,0.11937347109275921,202694,Marcus Morris Sr.,1
0.04943166541322621,0.09780342676335693,0.036958309141282876,0.22010154816133923,0.24841891149411405,0.09633826526437203,0.1372575761708628,0.11369029759144596,202695,Kawhi Leonard,3
0.05773767250639706,0.09262259686588843,0.31670871891137625,0.14287116310441922,0.08907165060116272,0.07113312658142017,0.08584011106075151,0.14401496036858463,202696,Nikola Vučević,0
0.06246962116494657,0.09390158916688301,0.07085564367993347,0.22141168616442927,0.21782381154093164,0.09514114323974537,0.12884725375331116,0.10954925128981945,202699,Tobias Harris,3
0.03358990376544858,0.13369915488616693,0.03782510464165908,0.2256737381770749,0.22703868920670478,0.13548239736036083,0.1284512484073278,0.07823976355525712,202704,Reggie Jackson,4
0.0679705855699543,0.10663062433829688,0.04722267041825162,0.20634748724114835,0.2726051044247631,0.09395023771580638,0.11300286673548009,0.09227042355629919,202710,Jimmy Butler,3
0.02841650704987278,0.13936511830513698,0.04305407471009502,0.24623445898556062,0.10037773353588154,0.22958398988517026,0.155005991526943,0.05796212600133984,202711,Bojan Bogdanović,1
0.009032077156371525,0.2089996089051558,0.06546042193968284,0.18343086107278053,0.08087546211914372,0.35388917995528235,0.06089272932547208,0.037419659526111114,202722,Davis Bertans,1
0.09674660510780914,0.08792822923257707,0.23798663597994704,0.1266366057335957,0.12462887379275339,0.047719703238097884,0.11050000347659211,0.16785334343862773,203076,Anthony Davis,2
0.02061611062046057,0.11814455004415855,0.03381094868381161,0.23974796672949925,0.30450680832553423,0.10918893268128074,0.08231153526752173,0.09167314764773342,203078,Bradley Beal,5
0.04048559366549288,0.11509503706153577,0.025284262244632667,0.3043113770336976,0.2111915049406538,0.1455737507759842,0.10933285698368089,0.04872561729432219,203081,Damian Lillard,4
0.05003791549058432,0.13804749266265043,0.3828235806265886,0.11438892867674938,0.08394068332139698,0.05030472820210361,0.09163963432615746,0.08881703669376921,203083,Andre Drummond,0
0.12452390395019418,0.09354866468620687,0.05070937376065371,0.1784321941948084,0.1790962967397242,0.0850425399771025,0.17018983979227623,0.11845718689903398,203084,Harrison Barnes,3
0.07118739010689779,0.10788196119314733,0.04117976566511585,0.23878117852085828,0.21552663108593836,0.11788709602128619,0.12058677081550406,0.08696920659125211,203109,Jae Crowder,3
0.054058010046956054,0.0964794669726812,0.23571997330179512,0.1553209053970187,0.14051394044426752,0.061107272918886645,0.07890607618356188,0.17789435473483298,203110,Draymond Green,2
0.056972232856931836,0.07026947181835447,0.03799555653361389,0.23059902388438544,0.2102115319106604,0.1431435263759221,0.14396951673534847,0.10683913988478339,203114,Khris Middleton,3
0.025899172657304733,0.10101196589086461,0.03579382204631734,0.2424102558185154,0.23790429595098253,0.19995845978099075,0.09147502394332069,0.06554700391170395,203200,Justin Holiday,4
0.03677150208588344,0.1799480402687917,0.2830806125252929,0.09640028977542404,0.09239089705478254,0.042379655766780745,0.13419599810147137,0.13483300442157328,203458,Alex Len,2
0.028088698833954196,0.08431018140939449,0.025743381753256772,0.24148389798752398,0.26382612912469416,0.1751603588511473,0.11260387506337205,0.06878347697665704,203468,CJ McCollum,4
0.030985346134411316,0.05397767467499655,0.038568606734347005,0.25979879645367265,0.3706059074831182,0.09090357848316412,0.08500712021682208,0.07015296981946804,203471,Dennis Schröder,5
0.06633267868955013,0.20283359912212778,0.1704825733141213,0.14226708440802596,0.0978735187188809,0.08563868790925919,0.10605742063512412,0.1285144372029105,203482,Kelly Olynyk,2
0.053787648430129655,0.07364785317209709,0.0316546986956081,0.17582196960837054,0.44482258554955206,0.07776452334728948,0.0816940721508822,0.06080664904607084,203484,Kentavious Caldwell-Pope,5
0.03997581746665572,0.15164090430732713,0.3073047670938417,0.07055478015539517,0.11080675618184667,0.086310745553474,0.08025018472768526,0.15315604451377435,203486,Mason Plumlee,2
0.0609537801644798,0.1373000996335512,0.3264856375702923,0.16368610365266734,0.08300825776381782,0.08364152186027662,0.07224276812401845,0.07268183123089654,203488,Mike Muscala,0
0.03493031015593184,0.1758338478515035,0.03227671006134808,0.23543475690658539,0.14887747461345452,0.20726981332842898,0.11750719230718705,0.047869894775560605,203493,Reggie Bullock Jr.,1
0.06556632675390607,0.10755941179045035,0.2580528688345223,0.12283542678745969,0.10938844880155223,0.037286460384845434,0.12533006550250192,0.17398099114476198,203497,Rudy Gobert,2
0.035370274355894786,0.11974658012237835,0.0320253244863894,0.23026118611178562,0.22522954144215687,0.17211287510364093,0.11038772103686882,0.07486649734088517,203501,Tim Hardaway Jr.,4
0.050097672363777664,0.11049485556732473,0.10430450357422301,0.2589462030201253,0.12615437023947026,0.09114490462528764,0.14743115473396035,0.11142633587583102,203507,Giannis Antetokounmpo,3
0.012041687799610607,0.1382748973347949,0.02212823743067031,0.27370298260826886,0.16152386250224962,0.26471261923070627,0.08164133440225127,0.04597437869144811,203552,Seth Curry,4
0.02674590501470906,0.1687705712093427,0.02494763692167313,0.2628730221272889,0.11018317449125602,0.21957238547520788,0.14288084326034595,0.04402646150017627,203903,Jordan Clarkson,1
0.027584356983541985,0.0766717986970277,0.032166439461026576,0.28317049241770076,0.3201725538036429,0.12577393834949493,0.07732218249695937,0.05713823779060582,203914,Gary Harris,5
0.059815747973422935,0.08968783012544494,0.03298271796685025,0.21488983707123005,0.33162761741348673,0.10352950874079987,0.10582018616092444,0.06164655454784067,203915,Spencer Dinwiddie,5
0.06482174207964249,0.10207684941345464,0.05079403080360706,0.21193689649668826,0.2143110086984279,0.10669040778868406,0.1467385883010135,0.10263047641848218,203924,Jerami Grant,3
0.019787063640080423,0.1865237383156633,0.043208943103090994,0.23371473696590886,0.07870580394397118,0.2600489495998342,0.10659699469619323,0.0714137697352577,203926,Doug McDermott,1
0.08761143007669142,0.09643603359815127,0.05928768566690414,0.22899067848868185,0.23243909886070416,0.06487939508959308,0.10645002284977619,0.12390565536949784,203932,Aaron Gordon,3
0.050926919673942056,0.1296247820783314,0.04738781942212147,0.20371291405117037,0.17549696611154447,0.15638530121617306,0.13757990461182457,0.09888539283489259,203937,Kyle Anderson,3
0.0522309493955381,0.1893408881213182,0.23363457853273084,0.09552508930894982,0.09508741630982517,0.05740613688518772,0.0768470983463058,0.19992784310014433,203939,Dwight Powell,2
0.07441560304029829,0.1335551412591424,0.04918112720493331,0.1517739853721497,0.1736153735838233,0.1561479994263588,0.09883264018356518,0.16247812992972893,203944,Julius Randle,3
0.04526874044335753,0.07080102628621511,0.04927634570484141,0.1963349613493449,0.39836680072471453,0.07739555134611716,0.09180031240944014,0.07075626173596926,203952,Andrew Wiggins,5
0.025991848783744,0.09851943065868958,0.0330775194762657,0.208175263587779,0.34432047630301293,0.08849832705200443,0.10717232400877312,0.0942448101297312,203957,Danté Exum,5
0.04605565349770115,0.19332612984649575,0.20064043955851665,0.13752827076944613,0.114933528148281,0.08655995590416153,0.09182695883076035,0.1291290634446374,203967,Dario Šarić,2
0.08903007861370038,0.060577608059225845,0.3256112510981501,0.14492308544299815,0.10272391563186738,0.06288340855713778,0.08552103287779508,0.1287296197191253,203991,Clint Capela,0
0.022456459389224713,0.1318126626517069,0.03669216708668459,0.2996196452392044,0.15558062566767883,0.18250293264184722,0.11058725802196814,0.06074824930168512,203992,Bogdan Bogdanović,4
0.07923478039777436,0.08159345835764278,0.26082801174117654,0.09686243618062161,0.10591349395347571,0.04723485304233135,0.10388398664248208,0.22444897968449562,203994,Jusuf Nurkić,2
0.012324540985805476,0.14711335895028366,0.04011393493715431,0.2278817096552758,0.2052446366154065,0.18396862844112705,0.1284608526183732,0.05489233779657407,203995,Vasilije Micić,4
0.07898987008823381,0.0826526338287688,0.2970665140658746,0.10905900583111987,0.09509051766486315,0.041952003143944025,0.0999512206052437,0.195238234771952,203999,Nikola Jokić,2
0.05322001373980747,0.11473898713849667,0.20521301049616936,0.18231912876866396,0.11588107240066901,0.08191707997205659,0.11668401051646023,0.13002669696767666,204001,Kristaps Porziņģis,2
0.021634453781512606,0.19420588235294114,0.03488655462184874,0.23619327731092435,0.08466806722689076,0.2681470588235294,0.13047899159663864,0.029785714285714283,204060,Joe Ingles,1
0.025572103424789754,0.0944649016415535,0.030871549441463888,0.24204081483990575,0.35533969266855336,0.08717679753202431,0.09420994547580284,0.07032419497590664,204456,T.J. McConnell,5
0.02592297940750848,0.08689072971971265,0.023571710170655874,0.19628848845965896,0.3161560052974379,0.16880271765175248,0.12419706280202361,0.058170306491250025,1626145,Tyus Jones,4
0.020407337742450904,0.08417099825388158,0.06257036722421104,0.2285662277774407,0.2304134727531366,0.14902008373278322,0.14308732614660655,0.08176418636948946,1626153,Delon Wright,4
0.03454235711999024,0.09944052319465829,0.025917724895955608,0.26809152857600194,0.18181090598655425,0.180052060307636,0.1411516532768267,0.06899324664237694,1626156,D'Angelo Russell,4
0.04291530189903319,0.17831607453270132,0.10846709751504918,0.17208165774905457,0.12030525585296001,0.14017491630555426,0.1263814387080878,0.11135825743755977,1626157,Karl-Anthony Towns,1
0.0544963828729545,0.08229389639603853,0.047137282853206154,0.2550420730779969,0.2667889400126662,0.08805950837943174,0.11872393841236838,0.08745797799533757,1626162,Kelly Oubre Jr.,3
0.018641530044353205,0.11902102775135838,0.028945410714453872,0.2604427787142279,0.23753354740896296,0.15096286949233942,0.1040765398849265,0.08037629598937783,1626164,Devin Booker,4
0.019853499486354908,0.09164842854377894,0.036327363139637026,0.2685582205547367,0.21105230246996293,0.19743698542438995,0.113746333765093,0.06137686661604658,1626166,Cameron Payne,4
0.09769274505596127,0.0709012431168406,0.29918209593171813,0.1610941375061116,0.09388972343471037,0.052786559559654785,0.08920397602702601,0.1352495193679772,1626167,Myles Turner,0
0.050235049523265685,0.2092564070599306,0.060815294103453967,0.1868533122076961,0.08771831053882438,0.14800278279332935,0.16959758073920966,0.0875212630342903,1626168,Trey Lyles,1
0.03906998590887741,0.1496946923438234,0.19339361202442462,0.16447393142320338,0.11513621418506341,0.12359088774072334,0.13325270079849696,0.0813879755753875,1626171,Bobby Portis,1
0.08011576611188904,0.09207072342118504,0.2426329769598914,0.11615615943583522,0.10694323638051478,0.039402603177327314,0.06408091146310735,0.2585976230502498,1626172,Kevon Looney,2
0.07473466089910243,0.19124751974584608,0.11156059515106877,0.1607974188867575,0.12117930932135848,0.11041184585873133,0.11185190478022611,0.11821674535690925,1626174,Christian Wood,3
0.028427072344678252,0.05581922158680807,0.03408361556826384,0.203917605907501,0.4144556104602743,0.10381433568374883,0.08809283215812559,0.0713897062906002,1626179,Terry Rozier,5
0.022673684655945346,0.12075000646476235,0.025442953761668895,0.26140207765707607,0.1776140560389108,0.1863379589687411,0.1390300035497422,0.06674925890315316,1626181,Norman Powell,4
0.03235081866862103,0.09628306755736016,0.037708457937758164,0.26311400146576924,0.2227800756471708,0.1624645140638031,0.1262527132174758,0.05904635144204175,1626192,Pat Connaughton,4
0.04201460606290998,0.09387499947201912,0.04816875113515889,0.22788921694100553,0.2946640140907536,0.1229392906471356,0.08701547195154404,0.0834336496994733,1626196,Josh Richardson,5
0.049914584667947896,0.1360620481376407,0.26483710075958633,0.11745370794057533,0.10682254964766176,0.06624264055397944,0.11284356792044171,0.1458238003721668,1626204,Larry Nance Jr.,2
0.061381116839347986,0.10854254109672298,0.05957207448773593,0.2535638611017759,0.18970156759835924,0.13593558951184456,0.10135165733544031,0.08995159202877306,1626220,Royce O'Neale,3
0.04844696884992956,0.18021795359168735,0.04442556109632744,0.23709161653883137,0.12824526487622712,0.1699501330530647,0.12415677154378825,0.06746573045014423,1626224,Cedi Osman,1
0.0584368787276342,0.08781840208747516,0.31527242793240556,0.10085580268389661,0.09823403330019881,0.06540134194831014,0.07358349900596421,0.20039761431411535,1627734,Domantas Sabonis,2
0.03242068291000178,0.0550706685038583,0.03298320851275679,0.20981812978857267,0.46597896115045306,0.07815773845107496,0.07218359894864552,0.05338701173463688,1627736,Malik Beasley,5
0.035186055896366995,0.07752853498798623,0.028533136867981947,0.19951722835765084,0.4639679830585657,0.07514429466840919,0.06859503826261444,0.05152772790042464,1627739,Kris Dunn,5
0.040032815600713964,0.06667553574794072,0.037454130220285806,0.30366625647165774,0.23704393521136133,0.16991829358876287,0.08842474030221395,0.05678429285706367,1627741,Buddy Hield,4
0.06020569585584638,0.10070508017055141,0.03700465817415349,0.3081581588161314,0.18422793940429708,0.12807568766131613,0.10310208982432154,0.07852069009338258,1627742,Brandon Ingram,4
0.05209450692548024,0.08794212293957009,0.03026882198916093,0.2708408474520697,0.28580194578592605,0.0976335795622216,0.09788886442734218,0.07752931091822922,1627747,Caris LeVert,5
0.02299585310150104,0.05703671820041951,0.03963323557659877,0.21978240828480294,0.40220739631950714,0.08256857158459063,0.10085057995547946,0.0749252369771005,1627749,Dejounte Murray,5
0.03025388214099659,0.09391047273455162,0.04004680895837236,0.2383073839592064,0.25645355417033433,0.1375398094280017,0.13486831131036853,0.06861977729816844,1627750,Jamal Murray,4
0.06793038798963834,0.061790677371803125,0.36425013953887764,0.15334964864826184,0.10938774633978789,0.039858028136762404,0.08789160333748372,0.11554176863738495,1627751,Jakob Pöltl,0
0.10318223359137174,0.06327522247980452,0.031588999483635125,0.22735826432264378,0.30866088654880297,0.09071169771697588,0.10343501472396086,0.07178768113280516,1627752,Taurean Prince,3
0.04535519021547526,0.07096181588460725,0.044964525761938615,0.21495882777795774,0.3140618240790324,0.11705641004141043,0.09294383769702351,0.09969756854255478,1627759,Jaylen Brown,5
0.04870973605851825,0.16701358752006634,0.0661325877735362,0.21068208992290932,0.11214632635139113,0.15161337399092115,0.1462111378235901,0.09749116055906742,1627777,Georges Niang,1
0.02810810810810811,0.0762063882063882,0.03475184275184275,0.12584438984438984,0.4533333333333333,0.0767043407043407,0.10312203112203112,0.10192956592956594,1627780,Gary Payton II,5
0.07394802449594684,0.09862096517267013,0.07424807118860631,0.22658413696962953,0.16711757953344422,0.125985897805445,0.15324294848130862,0.0802523763529493,1627783,Pascal Siakam,3
0.07214992782574378,0.11477869264579471,0.2182473819937395,0.10361195659813267,0.117508879866356,0.04654293422141008,0.08846617541317735,0.23869405143564598,1627826,Ivica Zubac,2
0.0993302815333843,0.08348011652327078,0.05740513128223988,0.1951668005458399,0.25479787470844983,0.06589516776834708,0.10327891064291037,0.1406457169955578,1627827,Dorian Finney-Smith,3
0.04240488505395284,0.09185888477058893,0.03183471137985982,0.23184065852374397,0.3043240983517666,0.1311415192853632,0.10249027904348935,0.06410496359123531,1627832,Fred VanVleet,5
0.08289959500721833,0.06294890958568089,0.03818685881466151,0.14419020607361413,0.4249613532124743,0.07218070088025244,0.08473930985141748,0.08989306657468092,1627884,Derrick Jones Jr.,5
0.050579312170893884,0.04699838142784542,0.032625546107953214,0.16859201305107258,0.4510755604145936,0.06095269413256918,0.0687572867776748,0.12041920591739731,1627936,Alex Caruso,5
0.029766917898237804,0.03735750878416436,0.030523294799238255,0.23837137569401606,0.3304025963575893,0.1339699058552155,0.14913499450151543,0.050473406110023336,1628365,Markelle Fultz,5
0.03243983180350421,0.09774981279499613,0.03161646861902003,0.21535182681588852,0.307907336064324,0.12813462496315195,0.1211478970355537,0.06565220190356148,1628368,De'Aaron Fox,5
0.06314625380149295,0.08349115288913464,0.07591754216201271,0.2472370058059165,0.16692873928670168,0.12939763616256567,0.13463851257948578,0.09924315731269007,1628369,Jayson Tatum,3
0.026077215850507266,0.16480352346643926,0.019241589124097812,0.25651548517674616,0.1519214857622933,0.2086991942361792,0.11912066090454308,0.05362084547919398,1628370,Malik Monk,1
0.10708984811825226,0.09639001280930404,0.06789947746172457,0.21462700526604722,0.18735132057824858,0.10179838562104791,0.11155277229937174,0.1132911778460037,1628371,Jonathan Isaac,3
0.025177224670370823,0.07021057948548239,0.042742932785257697,0.22535836831379652,0.3941006392280494,0.09747356870395206,0.06826415620155714,0.07667253061153398,1628372,Dennis Smith Jr.,5
0.07045312912731162,0.12426493782265159,0.07586944423785624,0.19773653422511045,0.13266381660439103,0.14367340030210318,0.12282110003513423,0.13251763764544167,1628374,Lauri Markkanen,3
0.028119173547429707,0.09525893230851187,0.0363404170313154,0.28811213424146725,0.21383318747384042,0.19295070583311139,0.09616024884897836,0.049225200715345696,1628378,Donovan Mitchell,4
0.06501158082103813,0.10919638765668399,0.2529014398872779,0.13407878699082576,0.08793630704294723,0.06647048371359368,0.08670808537699236,0.19769692851064097,1628380,Zach Collins,2
0.09684693693873878,0.13897777955559112,0.16151573031460628,0.12221994439888799,0.12267245344906899,0.07096141922838457,0.15134052681053622,0.1354652093041861,1628381,John Collins,2
0.10886827875635734,0.0541743552935694,0.05079984038008822,0.18813991917233325,0.3500657494770841,0.056381180919528526,0.07452321585914881,0.11704746014189031,1628384,OG Anunoby,3
0.0770267281865988,0.09943140290183172,0.3241903019899024,0.14727302031132283,0.11801856842468243,0.036117347646337845,0.05519739727208326,0.14274523326724065,1628386,Jarrett Allen,0
0.03717549794159669,0.10585294322496362,0.28220172917172565,0.1321199389349763,0.12323689803232832,0.05501122851006237,0.09419712858855842,0.1702046355957887,1628389,Bam Adebayo,2
0.09318558524064063,0.10964728879395036,0.27815870744769283,0.1742900181872226,0.09377755162702592,0.05444075550024938,0.07959302940687488,0.1169070637963434,1628392,Isaiah Hartenstein,0
0.05962394805692167,0.10536722998255146,0.06850648018429398,0.19302605946568033,0.19234609440181635,0.1184917280686843,0.1415460607943477,0.12109239904570421,1628398,Kyle Kuzma,3
0.03550892882735689,0.06864448075214263,0.03770076723899065,0.2333591309083613,0.3330371389533828,0.1418178691203027,0.07717487889471723,0.07275680530474579,1628401,Derrick White,5
0.0629977888937866,0.10257641165479618,0.03383938338868535,0.23273365182304726,0.20115891232847868,0.13924615376378818,0.14418232792543273,0.08326537022198507,1628404,Josh Hart,3
0.06400546065304953,0.06143433684109977,0.039651425660293255,0.17828315794501137,0.3828685940808431,0.05633586996322417,0.10922102112619998,0.10820013373027876,1628415,Dillon Brooks,5
0.01341227881932929,0.3143155348329074,0.040519713611268264,0.1315768938137693,0.0960416707309936,0.1905031311574553,0.1723697301937221,0.04126104684055483,1628426,Sasha Vezenkov,1
0.05841931097670927,0.17630087382851906,0.24262021843276196,0.13123510519569762,0.07937072650093328,0.06768394017223146,0.15859037277826782,0.08577945211487945,1628436,Luke Kornet,2
0.060227199794621655,0.19693857903857262,0.10059688081637892,0.21360631538412167,0.10161735447018805,0.17229317758808804,0.12659007765868688,0.028130415249342147,1628449,Chris Boucher,1
0.04347273032558755,0.1706803299124338,0.22125096037896172,0.12114767193963477,0.12631209390598208,0.07198135719991655,0.11366816426423523,0.13148669207324828,1628464,Daniel Theis,2
0.06244672235956014,0.1257991646065979,0.14472338249083624,0.16915118063251214,0.13752557326741113,0.1262147302020288,0.11245844344045691,0.12168080300059671,1628467,Maxi Kleber,3
0.09095027505123503,0.11206558084349044,0.0244849530794952,0.24092762377305574,0.19535325207636717,0.07700571675115953,0.12830115413655485,0.130911444288642,1628470,Torrey Craig,3
0.03014520114384075,0.0754435159221522,0.022353017388970636,0.21755925113597452,0.3788667092367917,0.09332852105833032,0.08840519355525325,0.09389859055868661,1628960,Grayson Allen,5
0.09480643128209942,0.07861200881462906,0.33152302665397215,0.08610801943509493,0.10448821959690505,0.040215627640030574,0.1374805000916328,0.126766166485636,1628963,Marvin Bagley III,0
0.06209963327255103,0.07592139424217569,0.4011700029148392,0.11916947417655792,0.08799425166586453,0.05246710637807499,0.0860080937629219,0.11517004358701473,1628964,Mo Bamba,0
0.09175314431273791,0.1318006165602883,0.04830445920715557,0.20153995339614722,0.16379372729509503,0.09367808605792192,0.12978159871477574,0.1393484144558783,1628966,Keita Bates-Diop,3
0.03828766368068109,0.0771817686702062,0.04325279748201559,0.18812544480715834,0.39968992973299877,0.09812821806493432,0.0725089963813998,0.0828251811806059,1628969,Mikal Bridges,5
0.07419916924809913,0.12211172909039707,0.052328569417065623,0.18847507744297382,0.17008589129822588,0.11432166995212616,0.13596874119966207,0.14250915235145029,1628970,Miles Bridges,3
0.05161411910244298,0.08257969116577549,0.03844843541228233,0.23922692381106556,0.32672834330806827,0.08926038769785372,0.09701144537413108,0.0751306541283805,1628971,Bruce Brown,5
0.06603939981875355,0.12302864059069318,0.03597559863031195,0.2061526484487614,0.1658101047945164,0.17407567344009442,0.1597766654299738,0.06914126884689539,1628972,Troy Brown Jr.,3
0.03293758330611632,0.12989486878459133,0.028628174459558467,0.28068357357861007,0.20397044674146195,0.17641918313663527,0.09961248863505962,0.047853681357966936,1628973,Jalen Brunson,4
0.03056284091849098,0.09379546593612992,0.03419281692950742,0.24910588727610686,0.2683068059617247,0.13407554826748933,0.12446049116592299,0.06550014354462777,1628975,Jevon Carter,4
0.11779327372214066,0.04043440544508208,0.29207593754170563,0.13963699452822634,0.10602228746830375,0.03490591218470573,0.12155678633391165,0.1475744027759242,1628976,Wendell Carter Jr.,0
0.03190111238509042,0.06503530263713717,0.028913966165791647,0.2999919538148975,0.30462454488765517,0.1305775149357311,0.08538209321505441,0.053573511958642614,1628978,Donte DiVincenzo,5
0.0521153645923715,0.14834970325894561,0.4220803109707424,0.1251726651164405,0.06055599902821643,0.07250199562697394,0.04316107312671364,0.07606288827959602,1628981,Bruno Fernando,0
0.03496937960415373,0.1130248495954697,0.03788436471597603,0.2666384739748389,0.18941312213178518,0.14002892361346775,0.14296653249033703,0.07507435387397172,1628983,Shai Gilgeous-Alexander,4
0.026512003558343964,0.09998088170457162,0.030710225166699832,0.25421870549631487,0.2838793752609257,0.13657876152462553,0.11557204671106792,0.05254800057745055,1628988,Aaron Holiday,4
0.03001322329894524,0.130143764608362,0.023886522103209396,0.24817510016155542,0.1900517936037578,0.23895826343405407,0.0994482303617094,0.03932310242840669,1628989,Kevin Huerter,4
0.06972879922428632,0.15060848244606098,0.1991653389262175,0.1411085529266532,0.1269013741579705,0.06552345722255208,0.10721806695229105,0.13974592814396836,1628991,Jaren Jackson Jr.,2
0.043544164602743046,0.07261900558394327,0.04984690814993417,0.1936927166615384,0.38045720742306316,0.08926238480279652,0.07904533233794207,0.09153228043803942,1628997,Caleb Martin,5
0.054344536206012616,0.1887975391153416,0.07797125261746957,0.19287430586869106,0.09822537107842835,0.11434713051212837,0.1741582403192232,0.09928162428270525,1629002,Chimezie Metu,1
0.02790391094184854,0.15709682144426543,0.027729969239783214,0.24808664127728136,0.15592500366193057,0.1593397539182657,0.15611725501684487,0.06780064449978028,1629003,Shake Milton,1
0.02740517867465058,0.08488836848527966,0.03363520036362379,0.15580488817086366,0.46197512931865,0.04829378430587875,0.10162692001758832,0.08637053066346519,1629006,Josh Okogie,5
0.03944092539575301,0.17786209393558214,0.03144561358979049,0.2692389523230076,0.13186292258134355,0.1974080557805507,0.10622716091778117,0.046514275476191365,1629008,Michael Porter Jr.,1
0.030546516421285835,0.09873958772335872,0.03280802721182434,0.2353629356344551,0.2916957415889992,0.15400381831455265,0.10501516501889581,0.051828208086628295,1629012,Collin Sexton,4
0.0414083313150884,0.08553523855655124,0.03959191087430371,0.2147372245095665,0.31731048680067814,0.16244248001937514,0.0878844756599661,0.051089852264470825,1629013,Landry Shamet,5
0.03860964582890757,0.08529787533249357,0.03638055514830185,0.3271916150285593,0.1824563083266261,0.1683606758483261,0.12116379478003814,0.040539529706747415,1629014,Anfernee Simons,4
0.02698912865038396,0.10393676011892819,0.019613118581617205,0.2872494208635062,0.22570362803932653,0.18028245444430258,0.10106387829925396,0.055161611002681354,1629018,Gary Trent Jr.,4
0.05705657646624964,0.12220892448353361,0.31387031457656367,0.1639228483756271,0.08710521371862757,0.09074778905766193,0.08372356784514011,0.08136476547659637,1629021,Moritz Wagner,0
0.028659594985535195,0.1343731918997107,0.03321118611378978,0.3024252651880424,0.15268081002892958,0.19856316297010607,0.0979556412729026,0.0521311475409836,1629022,Lonnie Walker IV,4
0.044644292927668604,0.10623170810150194,0.084769883896697,0.21073473129000095,0.18321044929726948,0.07800992184736115,0.1533142507959991,0.13908476184350174,1629023,P.J. Washington,3
0.0447615616460023,0.12124460690842946,0.06269606249395886,0.23856576715903796,0.17750410797606386,0.11040130752264879,0.10079259773468185,0.14403398855917682,1629026,Kenrich Williams,3
0.010826473987626217,0.07459670329412703,0.02663246957545124,0.28387961936199296,0.24904172342086572,0.1790189592237198,0.12142155495174037,0.05458249618447675,1629027,Trae Young,4
0.058007188758260435,0.11080890448217255,0.24623709368029548,0.1328280554174659,0.11773218361785581,0.05520924700229821,0.1010538480158038,0.17812347902584777,1629028,Deandre Ayton,2
0.034724855648490656,0.14771971122543162,0.04008035030730594,0.2386343309745784,0.1432782639182044,0.17111646143829196,0.1489485772343181,0.07549744925337894,1629029,Luka Dončić,1
0.07915888349255484,0.05494476170144635,0.3999306185622032,0.16261941612851577,0.0970486203767946,0.028595826439664837,0.08040241233922187,0.09729946095959867,1629048,Goga Bitadze,0
0.04974277226287951,0.24029961596985727,0.06245924208390696,0.1772063618578364,0.13007209622491123,0.11879573943917109,0.13251757119049343,0.08890660097094413,1629052,Oshae Brissett,1
0.07756384576865297,0.09969704556835252,0.045638457686529785,0.2222158237356034,0.15262393590385576,0.1301802704056084,0.16685778668002002,0.10522283425137706,1629060,Rui Hachimura,3
0.057424313597342215,0.23607622081980273,0.23781903341979319,0.08584713627296801,0.08429494380110152,0.08683427622218137,0.10714212772910157,0.10456194813770943,1629111,Jock Landale,2
0.02530272335217812,0.14868123054269577,0.03252859020022282,0.27234496931932045,0.11503365488928383,0.2365983817373773,0.11779333143178944,0.05171711852713236,1629130,Duncan Robinson,4
0.017723896238912087,0.11813136140315576,0.02713919211227929,0.2618844006237738,0.20193000989318713,0.16825125341650318,0.14651977799017388,0.05842010832201486,1629162,Jordan McLaughlin,4
0.04807994183644806,0.14021216477469886,0.19528990895421275,0.13245840149374577,0.11030420198615311,0.062087939324840136,0.1277573985029495,0.18381004312695187,1629234,Drew Eubanks,2
0.03721018689811373,0.08167499438095403,0.060537007901243105,0.21555351925171595,0.3253756116115424,0.07995988865644288,0.10668234236414877,0.09300644893583913,1629312,Haywood Highsmith,5
0.040097309485037674,0.09577007008128902,0.035202167707227665,0.2111701531503616,0.32792834962849665,0.13844515793012968,0.09166935871994515,0.059717433297512536,1629599,Amir Coffey,5
0.027132723123456118,0.06317107822996233,0.03790710222913067,0.20195092249278487,0.40544387075695393,0.08776428539605062,0.10408302682580306,0.07254699094585831,1629611,Terance Mann,5
0.04539347863882787,0.036157781325240904,0.030056847218490362,0.1741900983630741,0.4971839816234386,0.09029698588566282,0.06374633180019704,0.06297449514506842,1629614,Andrew Nembhard,5
0.06312905299301075,0.0875914338950229,0.03707191850483715,0.27711894746263316,0.20437255396532222,0.13261271083700155,0.12824137734636257,0.0698620049958097,1629622,Max Strus,3
0.026596810069470067,0.166738701890134,0.07004986243029275,0.20309716321776072,0.11976470836276236,0.18915044117181984,0.1660218635688007,0.05858044928895964,1629626,Bol Bol,1
0.048036544052480305,0.1319917833862057,0.04823533309589086,0.2198503284160655,0.1525271057143567,0.1392310177170735,0.1685296237089066,0.09159826390902089,1629627,Zion Williamson,1
0.09679569722300153,0.09225169231211919,0.03488932530519167,0.22886438243496315,0.23645370989825742,0.11363129536511499,0.09814331239973814,0.09897058506161382,1629628,RJ Barrett,3
0.0698092087261511,0.04985448123181016,0.030243028780378597,0.1241262655157832,0.5437824929728116,0.053819556727444595,0.03209372901171613,0.09627123703390462,1629629,Cam Reddish,5
0.09012721638559892,0.08806938297109401,0.04675215550691208,0.21852906388649537,0.23699604489234508,0.10604933448222344,0.09817658297965716,0.11530021889567402,1629631,De'Andre Hunter,3
0.030743079550419005,0.08615115771079074,0.032929028158385956,0.26606457762421065,0.2539830811390445,0.17611978235831446,0.0999213630406291,0.05408793041820564,1629632,Coby White,4
0.023403008497092315,0.07500384877062817,0.033012519678391763,0.2793586706594558,0.33789971345281905,0.11488207863410854,0.07499639953715428,0.06144376077035006,1629636,Darius Garland,5
0.030203104443227307,0.14911829972727425,0.24473040807222995,0.13069378490240033,0.12320653186599737,0.06757161167921129,0.1466620741836579,0.10781418512600155,1629637,Jaxson Hayes,2
0.0206086412490312,0.08421342596483365,0.021554098850510316,0.20215984536515674,0.39762678469712676,0.08732993435489445,0.10399333277306218,0.08251393674538476,1629638,Nickeil Alexander-Walker,5
0.019153219404700668,0.09732515384175733,0.026811966951805776,0.31511046759003475,0.24177129176271855,0.17331250357217703,0.07551105946007734,0.051004337416728586,1629639,Tyler Herro,4
0.08000027020271959,0.10131250971041024,0.0425794452287829,0.24246866211375084,0.18256697086989515,0.12085717309411387,0.11974258687580357,0.11047238190452387,1629640,Keldon Johnson,3
0.016095788534273937,0.1203306276826314,0.03984106072840083,0.21926394968339638,0.2539734817899792,0.10907951213293102,0.15504015978921423,0.086375419659173,1629642,Nassir Little,4
0.010617312601531679,0.04899048503132977,0.040078904618240895,0.30603388257136227,0.20748433511255512,0.09402413553028545,0.2101067533070318,0.08266419122766304,1629643,Chuma Okeke,4
0.03958370090990956,0.133599286920537,0.27899463128154955,0.1258635662680418,0.15012934876505726,0.06318956410955577,0.08037725386499608,0.12826264788035296,1629651,Nic Claxton,2
0.0764694692790565,0.03947214200210205,0.03632098039554764,0.14762807838706643,0.5124076988258081,0.05063378698531828,0.05283383578989438,0.08423400833520674,1629652,Luguentz Dort,5
0.06760914189082501,0.07441411522612786,0.3459814493167012,0.13840174810392866,0.108281082072257,0.033833858817177466,0.1358396960173588,0.09563890855562404,1629655,Daniel Gafford,0
0.029846250864750647,0.08026768444484185,0.034933573032015774,0.24369261467652442,0.3655295097628583,0.09649911289525576,0.07659220006682699,0.07263905425692625,1629656,Quentin Grimes,5
0.05757423881719083,0.15081491619519435,0.06448006322708742,0.22018640424855185,0.20430252619201375,0.12333137355064433,0.09891762165913276,0.08039285611018476,1629659,Talen Horton-Tucker,3
0.03417745308318989,0.12680888130516882,0.03893550821696731,0.28648563186673864,0.16103108098836288,0.1516372780941528,0.1323306117456842,0.06859355469973538,1629661,Cameron Johnson,4
0.0742369930835681,0.11418196112197816,0.07219669246679832,0.21259370876112574,0.16078130410774286,0.15612043389145228,0.15139404943517365,0.05849485713216094,1629667,Jalen McDaniels,3
0.020101758819435527,0.1690845084697663,0.05164969560193788,0.23426826219450395,0.10873869064913477,0.21344351574694082,0.13998256721420027,0.06273100130408049,1629670,Jordan Nwora,1
0.03033357932712542,0.11513096722540536,0.027559787257782572,0.29168860709440875,0.18219722699093477,0.19899266520897402,0.11112198616823235,0.042975180727136776,1629673,Jordan Poole,4
0.029412542650831857,0.20472158835424897,0.09336895283942127,0.18403758803684744,0.09495836509352525,0.16865804071877022,0.1379662736818819,0.0868766486244731,1629675,Naz Reid,1
0.05462577629809847,0.2625520199756706,0.047595876816697615,0.21845188552404124,0.11005826237275114,0.09761188296305781,0.1687431973877969,0.04036109866188617,1629677,Luka Samanic,1
0.027931880763269745,0.08684235966233514,0.037636470797354306,0.21168916622228873,0.34311276596408175,0.10525052000012472,0.11386365549952754,0.07367318109101795,1629680,Matisse Thybulle,5
0.08821554150589887,0.1156095203059365,0.1448856587986688,0.17239941139733247,0.1640430501253347,0.08261825523796487,0.08814496051742281,0.14408360211144097,1629684,Grant Williams,0
0.0317775530004335,0.08529199265115703,0.042367318291600446,0.2598228846272939,0.25001341783126557,0.11708193134198956,0.14994529653407096,0.06369960572218897,1629723,John Konchar,4
0.009441392434167079,0.13472818084424637,0.031205514164534605,0.3010336612545801,0.137267083783797,0.22874096830529453,0.10497067298049595,0.05261252623288442,1629726,Garrison Mathews,4
0.101742301458671,0.0708063209076175,0.06618719611021069,0.2573298217179903,0.2184683954619125,0.06683144246353323,0.11739870340356565,0.10123581847649919,1629731,Dean Wade,3
0.06728028928875408,0.11234923855162408,0.02308580223162755,0.21375520721422994,0.24326705742634944,0.13418747470305764,0.13548501005215124,0.07058992053220603,1630162,Anthony Edwards,3
0.040570389912743136,0.13477346131643855,0.414649040365248,0.1204373816259643,0.06649460190543437,0.04463029134921355,0.07485294187805029,0.10359189164690785,1630164,James Wiseman,0
0.02484469046870845,0.10915419758756555,0.031854770480311344,0.17298460199666416,0.3278880321013319,0.16297710846285868,0.11530372984601997,0.05499286905653992,1630165,Killian Hayes,5
0.058165409568858066,0.08868532071974176,0.0634548083991179,0.19842636389785548,0.27444948704017386,0.08335397424014829,0.10609559270031002,0.12736904343379463,1630166,Deni Avdija,3
0.08159082450502965,0.1406491620755993,0.05293574951905184,0.18479417515424415,0.1201269598309998,0.1542729688785914,0.14571811982030622,0.11991204021617768,1630167,Obi Toppin,3
0.06175644483079953,0.13925576157501163,0.2676617505177926,0.14123144096176074,0.11493185552515205,0.07723260002700096,0.08706489777505574,0.11086524878742679,1630168,Onyeka Okongwu,0
0.027331928286178284,0.15457600754373307,0.01655027342002716,0.2814332286935882,0.15121920750504728,0.25099837600190206,0.09114941185478312,0.026741566694740742,1630169,Tyrese Haliburton,4
0.029024170341003127,0.11505304630281474,0.030810906501002468,0.2654908790000865,0.23981992663677798,0.1672574423324729,0.09025693595333079,0.06228669293251161,1630170,Devin Vassell,4
0.03892752337727286,0.05071051812151464,0.030706555072231294,0.18866473546646031,0.47061210239764484,0.07218882986251994,0.06171033884071373,0.0864793968616424,1630171,Isaac Okoro,5
0.06111347373481501,0.08649668102730988,0.033149048684429486,0.18780762901466264,0.18470129245788883,0.08651886914557254,0.19511861398221253,0.1650943919531091,1630172,Patrick Williams,3
0.06405700300062747,0.1109250794764812,0.20761130424697333,0.15042987185625536,0.16318179520196988,0.09174366492893954,0.11539776900818703,0.09665351228056608,1630173,Precious Achiuwa,0
0.09022422196564399,0.06169849901726616,0.04008937149102319,0.2276703478789695,0.29856820525476163,0.098802210490133,0.10572541622965125,0.07722172767255131,1630174,Aaron Nesmith,3
0.028592324672216167,0.07121087205127524,0.03233956543708944,0.3206909390707694,0.2570171006090264,0.12460838807478526,0.10139623946171646,0.06414457062312173,1630175,Cole Anthony,4
0.02658168221022881,0.11457382400841325,0.03127213770841397,0.273413935892848,0.22541390668020186,0.18285838439460442,0.09226631708866767,0.05361981201662199,1630178,Tyrese Maxey,4
0.03508390799158554,0.0884507672386721,0.03860498930985085,0.23834085443759492,0.15967254158833677,0.1738106402474436,0.1552373127072964,0.1107989864792198,1630180,Saddiq Bey,4
0.038424211704054446,0.08080458420131913,0.02949503316375415,0.18917866393032212,0.3940305242531201,0.09739264277722487,0.10168878613860162,0.06898555383160354,1630182,Josh Green,5
0.09439088221446476,0.05621630563414334,0.02712939908974843,0.1869239350353539,0.4446002061427135,0.05336593724947934,0.07202270114820643,0.06535063348589025,1630183,Jaden McDaniels,5
0.04453667987983717,0.1114483530938372,0.25835895977389484,0.19396252910748885,0.09754341681924028,0.07933679364345769,0.09303731091241978,0.1217759567698242,1630188,Jalen Smith,0
0.08273349073203191,0.0823239981828768,0.13885636409006277,0.1802471031601308,0.18724686642225077,0.08846318725966305,0.1191111452354902,0.12101784491749365,1630191,Isaiah Stewart,3
0.034356180489572154,0.11816174610878317,0.02939346918128935,0.23826254975813052,0.2231989664435953,0.2019992116170282,0.0947358347403463,0.05989204166125508,1630193,Immanuel Quickley,4
0.07200423018014734,0.11575255877276154,0.27030911919869693,0.141449687598765,0.10033306590815162,0.07314382612500912,0.12895667712056014,0.09805083509590841,1630194,Paul Reed,0
0.018573050854627154,0.11836903363518336,0.029447461498664288,0.29612757746634694,0.1543665216528323,0.22257074711951763,0.11537222567493255,0.045173382097895724,1630198,Isaiah Joe,4
0.019398874128225246,0.0515952723730377,0.024353658221191562,0.1585250734920129,0.43977749808188005,0.1240053793567186,0.09677023077785153,0.0855740135690825,1630200,Tre Jones,5
0.029828908554572268,0.0867433628318584,0.03786430678466077,0.32857817109144544,0.22267846607669617,0.12343952802359882,0.12988790560471977,0.040979351032448375,1630201,Malachi Flynn,4
0.030951276227998058,0.10682762307114155,0.02747003774281163,0.2426067774259457,0.25140348449451494,0.16545515226009164,0.10363671390623176,0.07164893487126472,1630202,Payton Pritchard,4
0.08147564671976497,0.09765528326339012,0.2795404770331656,0.12615592592494035,0.1086244381701044,0.049464980933043454,0.10559607856703773,0.15148716938855344,1630208,Nick Richards,0
0.07285384708786984,0.12580442789492857,0.2545837212126118,0.06723802970817987,0.06669162585502084,0.04103088193629336,0.1955417493018173,0.1762557170032784,1630209,Omer Yurtseven,2
0.07250222794336073,0.11675413407268047,0.16130805030201012,0.13202297257154175,0.13913753837013565,0.05695613427071987,0.0876076839291019,0.23371125854044955,1630214,Xavier Tillman,2
0.051667827419852375,0.1353311008710419,0.03140711907419598,0.21252913808510707,0.2425528937735927,0.16840779644523313,0.09386836104830323,0.06423576328267361,1630217,Desmond Bane,4
0.030357353201013015,0.1530107043995524,0.0233634195182284,0.2625320248542317,0.19094911361093114,0.17122622062547854,0.1320362653866541,0.03652489840391072,1630224,Jalen Green,4
0.0637616088540457,0.09332122892578074,0.055480880431442364,0.19054120307489483,0.30475426410597456,0.08013540046587894,0.12214660877194217,0.08985880537004065,1630228,Jonathan Kuminga,3
0.04167772159767127,0.09925559253166766,0.046036522965197814,0.21386932692526364,0.2919563058589871,0.11255941235777042,0.11456825124889135,0.08007686651455082,1630230,Naji Marshall,5
0.05057127673707984,0.10941942340906072,0.06922412647801249,0.21273415703467516,0.14610734688454893,0.13060980470306896,0.1996545768566494,0.08167928789690447,1630231,KJ Martin,3
0.015184488626186638,0.10962296256492926,0.025604513702310584,0.28534837900770194,0.12212520150456743,0.24783718430951104,0.14797599856707863,0.0463012717177145,1630241,Sam Merrill,4
0.03485822609602712,0.07389695188613957,0.027464117711958762,0.2257871034392835,0.39600605811376016,0.09606924704867555,0.07916069046448883,0.0667576052396666,1630245,Ayo Dosunmu,5
0.06868617347792928,0.11880801354191857,0.06347309287747169,0.2430709276586246,0.21712178425937984,0.0871900518982868,0.11010714485016462,0.09154281143622463,1630256,Jae'Sean Tate,3
0.10974567778820898,0.1356631259163933,0.17786732207466166,0.17171759791563382,0.11363804179280808,0.11613801542177826,0.047056465649096525,0.12817375344141937,1630264,Anthony Gill,0
0.048070410363807645,0.06247518431726705,0.042036793385598736,0.19128706781785487,0.38627994425716444,0.07985589387062368,0.09644250157652573,0.09355220441115791,1630529,Herbert Jones,5
0.058378062912281384,0.11238183955712806,0.029116079921212346,0.2774851922413237,0.18565043307959295,0.1784142019803536,0.10614167749248739,0.052432512815620606,1630530,Trey Murphy III,4
0.01401013271066077,0.11611915039470444,0.05361981983911912,0.2462055890575294,0.29073167596748106,0.059414530692687526,0.1308576386285494,0.08904146270926833,1630531,Jaden Springer,5
0.06028044280442804,0.08689987699876998,0.0386460024600246,0.28225141451414515,0.2239271832718327,0.14350209102091022,0.114709963099631,0.04978302583025831,1630532,Franz Wagner,4
0.05417586418245413,0.12998797218394725,0.03473780743512583,0.21241768319377688,0.3186265247906653,0.11149002059936311,0.07917620980935221,0.059387917805315285,1630533,Ziaire Williams,5
0.0740696794024251,0.10633567255427107,0.04278118678735691,0.1828349775683403,0.32240849351911494,0.10807031223514257,0.0896305839011877,0.07386909403216146,1630534,Ochai Agbaji,5
0.040582179714675565,0.12482143200322864,0.026790004035796875,0.19551193763092317,0.3684490368538721,0.07784603755212904,0.10338686636387513,0.06261250584549943,1630537,Chris Duarte,5
0.019954152733435218,0.07355989650320022,0.02863941049191242,0.20579445898712342,0.4298446034892342,0.09124438257501248,0.07953668537880737,0.07142640984127464,1630540,Miles McBride,5
0.02887521128203377,0.15464137542469822,0.047433883662563375,0.18823308463232657,0.2522750166464633,0.14314677912277404,0.11156545047890594,0.07382919875023475,1630541,Moses Moody,4
0.07308914961253174,0.11736393928174747,0.29985063003485296,0.15032108159174762,0.08570899666790077,0.07339554954103844,0.07669573210432916,0.12357492116585171,1630543,Isaiah Jackson,0
0.05346308578884419,0.16334130694791782,0.328221159073611,0.11629879308470155,0.09010546917473089,0.07096335761661411,0.07203979558551701,0.10556703272806352,1630549,Day'Ron Sharpe,0
0.05250864243669999,0.15664499939936735,0.0913228600792835,0.22598470388809544,0.10505065335486712,0.1204668917926883,0.15173315892740352,0.09628809012159474,1630550,JT Thor,1
0.062450480706692055,0.11657107718505731,0.06861629790806854,0.20594822794839351,0.1849390395326561,0.11747454560505186,0.14887598595130258,0.09512434516277805,1630552,Jalen Johnson,3
0.034600167845582064,0.10804895859445672,0.033165851053394514,0.30877265642881274,0.135553835925494,0.22499155322557793,0.11779708123072227,0.03706989569595972,1630557,Corey Kispert,4
0.021882323698600954,0.08362332220722961,0.0220021660393438,0.20445103330729353,0.37886158653504726,0.08483950003550884,0.12642923087848876,0.07791083729848733,1630558,Davion Mitchell,5
0.030254888390204345,0.08171319113832903,0.02970435463462036,0.24807750117097654,0.31733289989723373,0.12664024104639862,0.08832134393154506,0.07795557979069231,1630559,Austin Reaves,5
0.026950327952038184,0.1644012291153752,0.026710706835309815,0.24996241237384653,0.17252485481779398,0.18926074536262663,0.10328609821646714,0.06690362532654251,1630560,Cam Thomas,4
0.08285673480089444,0.07369709010216936,0.10781394218573807,0.21897668628483363,0.22662713190357325,0.06204769324889208,0.10870070322708543,0.11928001824681374,1630567,Scottie Barnes,3
0.03203104243000933,0.19437355956080893,0.06296225354201294,0.19644964564423545,0.15498971225199729,0.17358798341602663,0.11529074473409415,0.07031505842081524,1630570,Trendon Watford,1
0.05171433754610873,0.2421358166535647,0.13845316562859045,0.1507286690451714,0.0912620185039608,0.07880510370683921,0.17355022071717965,0.07335066819858499,1630572,Sandro Mamukelashvili,1
0.03944860863729424,0.10917390405586404,0.03189925894042923,0.2877106441299983,0.15811441823850395,0.21008203475645842,0.10265246656453618,0.060918664676915577,1630573,Sam Hauser,4
0.023993830157959382,0.12175281911635422,0.03815209422339018,0.2644907182597491,0.20080550715530293,0.1474414515632488,0.12320323980182875,0.08016033972216668,1630577,Julian Champagnie,4
0.05404513872869705,0.10413187299888353,0.23451239654170167,0.14734445500429058,0.09379065668914992,0.05361608090277458,0.08104579384924845,0.23151360528525428,1630578,Alperen Sengun,2
0.008488439282836751,0.15058637780472522,0.44481700617710973,0.08268700202648263,0.07261155827561792,0.039365849291544935,0.06395221081930123,0.13749155632238164,1630579,Jericho Sims,2
0.02266218487394958,0.14631260504201682,0.0416515406162465,0.29397422969187675,0.1056985994397759,0.2065299719887955,0.1217859943977591,0.06138487394957983,1630581,Josh Giddey,4
0.04954086609219616,0.16306323985201518,0.05758364548282649,0.22422818753210474,0.12294746076728173,0.13963904167700752,0.15289072555277877,0.09010683304378943,1630583,Santi Aldama,1
0.03143037986641853,0.03737966803019282,0.032256997912199,0.20942958631309458,0.505210055454262,0.07508525974700765,0.06145787082085534,0.047750181855970075,1630591,Jalen Suggs,5
0.022005218628923854,0.13735273187317149,0.044737882501779076,0.220653119316834,0.12595872538942043,0.22130149442555547,0.14571044516486123,0.08228038269945442,1630592,Jalen Wilson,1
0.03641979224313109,0.12597310841286263,0.04359219457137295,0.2452681612270298,0.20082289044095292,0.14594821608639255,0.14289026596291524,0.05908537105534277,1630595,Cade Cunningham,4
0.0677904330808738,0.14109965362105345,0.20123667390458805,0.1492553312038123,0.16658040371063423,0.04882381225097313,0.13875064697217024,0.08646304525589471,1630596,Evan Mobley,0
0.03179939335131377,0.09848490636675505,0.04294293376527127,0.2773851455116402,0.22825347829741066,0.1175018910018872,0.1174598687377276,0.08617238296799432,1630598,Aaron Wiggins,4
0.03154019451618221,0.1703739965732383,0.03723980838107988,0.2827627891642398,0.10138918721807892,0.18696331966291857,0.13839421746449604,0.05133648701976633,1630625,Dalano Banton,1
0.02744915624055896,0.08178160561259476,0.030820357644666736,0.20304894715893562,0.3652838187128053,0.10539919724165711,0.09773127256858692,0.0884856448201946,1630631,Jose Alvarado,5
0.051951143125587226,0.1363232070153461,0.25896648919511434,0.12784215471343566,0.12608831819605387,0.12696523645474475,0.1114312558722205,0.06043219542749766,1630647,Eugene Omoruyi,0
0.01615003401030026,0.09555436789427656,0.03353415605869206,0.22297638713438925,0.30044699251773394,0.12325818676513457,0.11705373627441454,0.09102613934505879,1630692,Jordan Goodwin,5
0.04843712526980573,0.09202973858821648,0.04385642337516987,0.1849708210088736,0.34098648972739626,0.07971060836197937,0.12554960428491485,0.08445918938364377,1630699,MarJon Beauchamp,5
0.03159559229743722,0.07344627161424994,0.052115690613948905,0.14790151146750297,0.42195713373625904,0.06928799923252252,0.11084756640168844,0.09284823463639101,1630700,Dyson Daniels,5
0.020760489510489512,0.2026184043229498,0.03200492689129053,0.23911812619198983,0.1368702320406866,0.16969961856325494,0.15131317546090273,0.04761502701843611,1630702,Jaden Hardy,1
0.028097616532329953,0.08183141430080601,0.05797811052243631,0.24079223623392415,0.2878522180858282,0.10683427488777186,0.1286386000952642,0.06797552934163924,1630703,Scoot Henderson,5
0.01968879877505006,0.06644259729770659,0.039726741936026655,0.24797033534687285,0.3142068112601168,0.13230258619239119,0.11657005603136411,0.0630920731604718,1631093,Jaden Ivey,5
0.07872275618210772,0.10455699722885303,0.06411050155442473,0.2020156203959065,0.14884072029956197,0.13021576540933186,0.18694812955856988,0.0845895093712443,1631094,Paolo Banchero,3
0.07588049996441669,0.10233763704261385,0.07395150929473854,0.22569939957824398,0.1529015390723615,0.12996153255499496,0.1517291622187513,0.08753872027387923,1631095,Jabari Smith Jr.,3
0.05463318413413171,0.11067557182528755,0.2892790744970151,0.13578927097562601,0.09849307006603279,0.051341443002845405,0.10074635595797947,0.159042029541082,1631096,Chet Holmgren,2
0.06249168832738922,0.1203862660944206,0.02875234238046303,0.2814815934232001,0.18974188478510545,0.1370156561687723,0.11927703560418304,0.060853533216466166,1631097,Bennedict Mathurin,4
0.06492280777140051,0.09652865166815014,0.0380129523341825,0.2237423651821614,0.28947853043184674,0.15268101040483717,0.08412878671618428,0.050504895491237226,1631098,Johnny Davis,5
0.04803517056888848,0.0997673664275226,0.02882982174060136,0.20099261641269964,0.32129591199684704,0.10427703972907082,0.14497745163349227,0.05182462149087776,1631099,Keegan Murray,5
0.026360922125218855,0.11579060396278809,0.024854668937480055,0.25772737712105803,0.2295887779663494,0.14046034676632793,0.14803635289871717,0.0571809502220605,1631103,Malaki Branham,4
0.021755227855875917,0.09034446734132746,0.03576123206915751,0.1551681581530443,0.4152722847581381,0.08308889794559471,0.1261918018954027,0.07241792998145927,1631104,Blake Wesley,5
0.10368860384169139,0.0861318808817842,0.33054015727729796,0.13868924842078123,0.1004898801082893,0.039504640969446954,0.0584230372566714,0.14253255124403766,1631105,Jalen Duren,0
0.013270406477197622,0.1635926140118969,0.10827515697290153,0.19484777759418376,0.14020158625247855,0.15126197951090548,0.15341002974223397,0.07514044943820225,1631107,Nikola Jović,1
0.022708995916842636,0.0905506295948491,0.028099593759565847,0.287444939634643,0.3221855009001624,0.12286308711600422,0.07697815225455658,0.0491691008233762,1631108,Max Christie,5
0.12580513343367156,0.05507274522179606,0.04348732015989384,0.14796653234289783,0.3757909727953909,0.051920991730187244,0.06619289216876245,0.13376341214740012,1631110,Jeremy Sochan,3
0.06097264307552785,0.07844511002516363,0.045440480152266184,0.212701693338549,0.2799117229782986,0.08452875133554026,0.1023515239268484,0.13564807516780614,1631114,Jalen Williams,3
0.05490631736030509,0.12565412037804677,0.25135466755098657,0.13238932183717458,0.08402918255678993,0.06568396617476373,0.09481346377051898,0.19116896037141437,1631117,Walker Kessler,2
0.07199403983302433,0.13914828758943096,0.17442587895401343,0.1136924599338012,0.0798651000375354,0.06888883833615796,0.12150664831602534,0.2304787470000114,1631119,Jaylin Williams,2
0.022388019267133713,0.1389769347052226,0.0357168013090381,0.3150794037808228,0.147678570461035,0.1895612880154744,0.10120121584499601,0.049397766616277365,1631121,Bryce McGowens,4
0.024326340761119822,0.1311879601079487,0.038548521534363465,0.22655525958394293,0.24034611192389965,0.13633184311302554,0.1330939654820678,0.06960999749363207,1631128,Christian Braun,4
0.04143182380176846,0.16975763932115134,0.08503798698807098,0.19166304276769244,0.13690379756189763,0.11477385449263992,0.15505171517006744,0.10538013989671179,1631133,Jabari Walker,1
0.008613378065099798,0.075805266034642,0.025675217219217072,0.19617581092033098,0.4104359462464896,0.10545733833424432,0.11013626854138005,0.06770077463859622,1631165,Keon Ellis,5
0.05294381040322737,0.13223312244648738,0.04943450474441843,0.23789793019523994,0.1899138527591327,0.1454369385485872,0.1311126298582352,0.06102721104467188,1631170,Jaime Jaquez Jr.,4
0.04884737801674856,0.11268193195513117,0.035667933623806436,0.29990575074935877,0.18637403046877415,0.1337296437069312,0.13365239022279904,0.04914094125645067,1631200,Kris Murray,4
0.018451998482655045,0.12105858035347944,0.0272541475385723,0.2643586508016381,0.24003468217042262,0.14876173813413018,0.12259140842126452,0.05748879409783779,1631204,Marcus Sasser,4
0.016576067772679136,0.13634309918813978,0.033378044475820684,0.25188139781150726,0.18433462760324743,0.18434874691140135,0.15394987645605365,0.039188139781150724,1631207,Dalen Terry,4
0.07926283656098072,0.13181076672104403,0.04158092807649443,0.19377836641739213,0.24988290019866585,0.09264936281556377,0.12205514189265582,0.08897969731720316,1631212,Peyton Watson,3
0.015963936889556725,0.10306235912847482,0.02569496619083396,0.36693012772351613,0.09383621337340345,0.22398196844477836,0.13736438767843726,0.03316604057099925,1631216,Caleb Houstan,4
0.06317470620388085,0.1620960303361574,0.2724702787646898,0.09691428669035256,0.11302610002732985,0.06301243509155507,0.10475027329871549,0.12455588958731892,1631218,Trayce Jackson-Davis,2
0.069446811884328,0.10441797316314194,0.046760351217965235,0.2295958614948566,0.22830356965889045,0.11233821576516759,0.10632866231938636,0.10280855449626386,1631223,David Roddy,3
0.09052473160792915,0.05325115503448364,0.05097456532760253,0.17839663039215373,0.40711099490796393,0.06922235649354168,0.07306131168553727,0.07745825455078804,1631246,Vince Williams Jr.,5
0.01015482071905802,0.11937555911959316,0.04082076741430862,0.3132520410383707,0.19958252403710539,0.16740141361551913,0.09676899394740447,0.05264388010864046,1631260,AJ Green,4
0.07212834964289998,0.11813164595086771,0.038200360864848584,0.19557815066525744,0.20838968941639732,0.16990208682508653,0.11481302794611009,0.08285668868853235,1631323,Simone Fontecchio,3
0.049692428140029075,0.11717033888826751,0.26192819595123584,0.1544950229280841,0.0890347835812549,0.0566155910971927,0.11545688401744772,0.15560675539648808,1641705,Victor Wembanyama,2
0.028883310571730086,0.08108821155875598,0.03657311130423987,0.260106927804333,0.23713646098454283,0.15879322118070646,0.11881168911788442,0.07860706747780744,1641706,Brandon Miller,4
0.039937720029486534,0.11802881137573974,0.043051718555159796,0.1794786119282678,0.28635352150519117,0.12254479817569289,0.11957203188403799,0.09103278654642406,1641708,Amen Thompson,5
0.09602533045066321,0.0781938740365775,0.04705466943356689,0.18138536031929334,0.32771270545536635,0.10193248879202808,0.09158555539154822,0.07611001612095637,1641709,Ausar Thompson,3
0.017401066516980073,0.04743612836742474,0.039426778540639494,0.26605116432990816,0.38160027814896885,0.11392378550693069,0.08752895639679795,0.046631842192350066,1641710,Anthony Black,5
0.024656593657437335,0.15397679336452386,0.029510483891585493,0.22662444622189107,0.12483884280919352,0.26864036289129695,0.13385999320674505,0.037892483957326674,1641711,Gradey Dick,1
0.038506267964729814,0.10342239042244097,0.035106825722187,0.17527353063582018,0.32791004313479916,0.1465221838888219,0.12469807585345836,0.0485606823777426,1641713,GG Jackson,5
0.03776309362133843,0.15981813594713704,0.04597059470833579,0.26239847981405634,0.1164026560310908,0.20410321375467677,0.12222681474880967,0.05131701137455513,1641715,Cam Whitmore,1
0.022364964306837407,0.06797518671856731,0.03171533499305393,0.24536539069914584,0.37555809251337635,0.1001306686106488,0.0786597526924611,0.07823060946590925,1641717,Cason Wallace,5
0.029050175521416626,0.07715409223537448,0.03188513516906805,0.2152208958372045,0.3584729887857132,0.11407385459092713,0.12593096659819908,0.04821189126209691,1641718,Keyonte George,5
0.02142961250963,0.15004893080975285,0.029037832885668476,0.28416515709913176,0.15886896953796822,0.17098715305973722,0.13408707601973888,0.05137526807837258,1641722,Jordan Hawkins,4
0.057714875004445075,0.13995590483979944,0.21290494648127734,0.10547989047331176,0.1178087550229366,0.054432630418548414,0.10325379609544469,0.2084492016642367,1641726,Dereck Lively II,2
0.05288866031042714,0.06719943031214147,0.0474317891099946,0.18594769948965464,0.33187482691775133,0.11470243040445202,0.12103493294299165,0.0789202305125872,1641731,Bilal Coulibaly,5
0.023928835560102023,0.10172865446954985,0.029762439607683218,0.2285335121199345,0.24992569757877786,0.1443471409119499,0.10898610026334161,0.11278761948866112,1641733,Nick Smith Jr.,4
0.014818109787458816,0.2563838807878897,0.04002001695881233,0.172687971753847,0.13109717955490066,0.1771639861549368,0.17808143010050181,0.029747424901652785,1641738,Kobe Brown,1
0.04571094226071388,0.07340768023641453,0.06225025210718465,0.18083500056623003,0.34388768153065463,0.07137734109158365,0.12258341107761665,0.09994769112960197,1641739,Toumani Camara,5
0.030817404152080657,0.09542398065832221,0.03981665701261742,0.18424962852897472,0.3247370320934176,0.07555342886644673,0.11191141780206681,0.13749045088607384,1641748,Andre Jackson Jr.,5
0.02463337113597757,0.12940429197918746,0.05654334568003388,0.22461828252690394,0.23589580098611362,0.14199597961577587,0.11167760996432274,0.07523131811168492,1641764,Brandin Podziemski,4
0.01681448632668145,0.13407481582147202,0.02554657511384498,0.24942779486445893,0.2576472832177002,0.16994492525570418,0.10359893188374698,0.042945187516391294,1641767,Ben Sheppard,4
0.01864637043275151,0.09512270694134377,0.03463124359453082,0.3045626802469234,0.2257744162581732,0.15054540832134997,0.11936219402712343,0.051354980177803905,1641854,Craig Porter Jr.,4
0.03296835038363172,0.1463714833759591,0.2634750639386189,0.15752078005115092,0.112028452685422,0.07249040920716113,0.11509351023017902,0.10005195012787724,1641871,Duop Reath,2
