DEF_PLAYER_ID,1,2,3,4,5,6,7,8,PLAYER_NAME,Cluster
2544,0.0795290791941269,0.1659117971293486,0.0786677733587798,0.1995082458991352,0.0850741956084444,0.1184921258610757,0.1482789526668274,0.1245378302822617,LeBron James,4
101108,0.0828793211513427,0.149436703469778,0.1182681645050865,0.189222634717066,0.0376291724924867,0.1436285617858348,0.2151037397746814,0.0638317021037237,Chris Paul,4
200768,0.0270705534337271,0.129690933797091,0.1204139149690486,0.2079836044489428,0.0518987412556129,0.2322665786869019,0.1493465824894172,0.081329090919258,Kyle Lowry,4
201142,0.071284641309894,0.1529303940017355,0.0577466207761733,0.1943325890753325,0.0580358738856442,0.1594857144714305,0.1315419140755763,0.1746422524042133,Kevin Durant,4
201143,0.0908622908622908,0.1224020372956543,0.0767244448095511,0.1332813056217311,0.1539801199375667,0.1198691092308113,0.1072373285139242,0.1956433637284701,Al Horford,1
201144,0.052573539606125,0.1466504845050114,0.0923748317616871,0.2098291701238618,0.0277798515023601,0.2238172126724242,0.2011628973463672,0.045812012482163,Mike Conley,4
201145,0.1007063270264945,0.0962771895772982,0.0783599786934409,0.1300466263398688,0.1491167263785416,0.1402219676461359,0.1317650149218881,0.1735061694163316,Jeff Green,1
201566,0.0841726404711621,0.1033909396472233,0.0890240637734614,0.167869359588328,0.0527231624973973,0.2373033106279187,0.1806656949939022,0.0848508284006068,Russell Westbrook,4
201567,0.1149415259946396,0.0857021000237482,0.0694175863054994,0.155584958149769,0.2837091857258483,0.0770751850182473,0.0539376051102354,0.1596318536720124,Kevin Love,1
201568,0.1421328241976756,0.1317230069636448,0.1144366894562969,0.1211072116108281,0.1900781924627853,0.0911453175628035,0.0830963264594738,0.1262804312864918,Danilo Gallinari,1
201569,0.0769314388914006,0.1926658316101027,0.099974553010033,0.1848909114716513,0.0257138127743889,0.1625025014638195,0.1785513992138609,0.0787695515647428,Eric Gordon,4
201572,0.0648551107109922,0.0887580092934692,0.0416353797156987,0.1251092968552381,0.2974766617603416,0.1058132980662174,0.0750269383137511,0.2013253052842913,Brook Lopez,1
201587,0.0372727724556106,0.0692523701246256,0.0954604192293833,0.1887588374895938,0.0505181347150259,0.3117164299648364,0.1320653321902063,0.1149557038307178,Nicolas Batum,4
201935,0.0724072779488729,0.1734823436053432,0.0827913919171689,0.1931169346458329,0.0542218527405671,0.1653239367430612,0.1567045175430309,0.1019517448561225,James Harden,4
201939,0.0326581847987451,0.1880697222535351,0.0831195033923013,0.2522530956779922,0.0385447972930371,0.1852477402171607,0.1646073394460355,0.0554996169211927,Stephen Curry,4
201942,0.1011359560325433,0.250482132217538,0.1375633900686016,0.1514007723120284,0.0449159626660823,0.0865601798559531,0.1633426433002006,0.0645989635470523,DeMar DeRozan,3
201950,0.0322385143688759,0.0831470978160106,0.0521346477806241,0.144177191216196,0.070651209617129,0.3420260962310982,0.1283121181008961,0.1473131248691699,Jrue Holiday,4
201976,0.0469585680667474,0.0966691085424594,0.0625239055318211,0.2063104121151614,0.0479309964798091,0.3030184177941434,0.1634522505234906,0.0731363409463673,Patrick Beverley,4
202330,0.0454276303615706,0.0965101217571518,0.0908811665001295,0.2021612819658783,0.0366566744383997,0.2011176492357795,0.2155878760963694,0.1116575996447207,Gordon Hayward,4
202331,0.0485265346391166,0.1044310794264809,0.0601407228629131,0.201153429539167,0.0561126377454614,0.2523833146607063,0.1671581004828871,0.1100941806432673,Paul George,4
202397,0.0454119323508456,0.0801177485281433,0.0684303946200672,0.2187285158935513,0.0274121573480331,0.2867526655916801,0.2087911401107486,0.0643554455569305,Ish Smith,4
202681,0.0510677829973891,0.13614948275507,0.104332226613001,0.1719664917728195,0.0284970951451512,0.1989922819413903,0.2441336576458662,0.0648609811293123,Kyrie Irving,4
202684,0.1172871599665769,0.0502460310091913,0.0976696685544517,0.1101011976603843,0.2022189211772351,0.1114009841240367,0.090260885711633,0.2208151517964905,Tristan Thompson,1
202685,0.0841263111235311,0.063321785970677,0.0250685373715376,0.091331769059171,0.3143998342576041,0.0711584140765402,0.0556802906273638,0.294913057513575,Jonas Valančiūnas,1
202691,0.0738610488642085,0.1291209177010129,0.0629294451142813,0.1972342982327675,0.0644982676748324,0.2123226799180681,0.1600820923518897,0.0999512501429394,Klay Thompson,4
202692,0.0602832222127797,0.1030717171795208,0.144199198077859,0.2286945974551719,0.0312850068371974,0.1851489890991123,0.1953507057378379,0.0519665634005207,Alec Burks,4
202694,0.0993526749490614,0.1908917698960794,0.0791575758668566,0.1356016757123881,0.0980303767948694,0.1110369822751942,0.1477427769463327,0.1381861675592179,Marcus Morris Sr.,4
202695,0.045285570107588,0.1205679838832235,0.0673954806002486,0.1638370085766501,0.0579342781546758,0.2237800387332587,0.1606300194445635,0.1605696204997915,Kawhi Leonard,4
202696,0.0736170045716202,0.059804002041348,0.0647896019728272,0.1368488296152487,0.3357981777757158,0.0806189709750291,0.0468225276313582,0.2017008854168525,Nikola Vučević,1
202699,0.0512472646848116,0.0979735730975773,0.063674038271964,0.1861419806707646,0.0916664877284146,0.1985277611310979,0.1203480121261573,0.1904208822892123,Tobias Harris,4
202704,0.0587011500262808,0.1464185171017906,0.0919250487777358,0.1579903297622618,0.0415264335425707,0.2156732703511171,0.233191976509633,0.0545732739286097,Reggie Jackson,4
202710,0.0398889554429294,0.1166056260512652,0.0618525255784859,0.1778945297736008,0.0597638092880461,0.2752574425713534,0.1609792432437211,0.1077578680505977,Jimmy Butler,4
202711,0.0694325190517976,0.1957169231543423,0.1739304102230231,0.1872533016301356,0.0469068938729167,0.1144271565565546,0.1469166438642675,0.0654161516469622,Bojan Bogdanović,3
202722,0.1066951009836404,0.2187474634178738,0.2751979456451958,0.1434506371894301,0.0654604219396828,0.0737103094076758,0.1006884745087332,0.016049646907768,Davis Bertans,3
203076,0.069768250370257,0.0704722602715913,0.0317864816192575,0.1167891585951786,0.2615753134147783,0.1310518777073961,0.0776688059296755,0.2408878520918654,Anthony Davis,1
203078,0.0330701395937413,0.1352279767475581,0.0741283629700908,0.173061966966769,0.0392286094670656,0.2761952466946996,0.1724898830787077,0.0965978144813677,Bradley Beal,4
203081,0.0338479442387926,0.1682156873495563,0.0724694072099764,0.2404640164411375,0.0273606279326012,0.2209684636485671,0.1939332627062437,0.0427405904731248,Damian Lillard,4
203083,0.1270028506831809,0.0549599078794006,0.0369781354004297,0.1174607855527938,0.4068893850669138,0.0661941273117917,0.0495288649225541,0.1409859431829352,Andre Drummond,1
203084,0.0564094313785646,0.0941734822918459,0.0597093662778081,0.1404885549876907,0.0858301094740307,0.2077481124522033,0.1506128450527166,0.2050280980851398,Harrison Barnes,4
203109,0.0481351237804783,0.1246285029641962,0.059820747817698,0.2134299095959045,0.0451320273235097,0.2569320179874585,0.139900726655982,0.1120209438747724,Jae Crowder,4
203110,0.0422692303188562,0.10056909331491,0.0390636892703661,0.1351538074216326,0.2456732514432253,0.1167051136430169,0.0871936439536762,0.2333721706343165,Draymond Green,1
203114,0.0453752076280511,0.1007286199630414,0.0629621702444509,0.2136752652062112,0.0426892316782375,0.2261887176951854,0.2382318983006906,0.0701488892841316,Khris Middleton,4
203200,0.058214001361596,0.1314747931643262,0.12489182234633,0.1735111870117582,0.0376169761028351,0.219401590067272,0.19023689463785,0.0646527353080322,Justin Holiday,4
203458,0.1759011765881442,0.072568759211611,0.0313132322450101,0.0868826659339012,0.3130948514900952,0.0698083984911693,0.0682346181709175,0.1821962978691514,Alex Len,1
203468,0.0423259197213833,0.109308528225362,0.1063261842308285,0.2002975731258403,0.0263649789494566,0.2491502634073225,0.2157823968964225,0.0504441554433839,CJ McCollum,4
203471,0.024971289448298,0.0807993017593826,0.051250861316551,0.2055895998897514,0.0421829206670035,0.3443042859111581,0.1903477422022141,0.060553998805641,Dennis Schröder,4
203482,0.0938815590435705,0.1388084115743755,0.0654225016280632,0.1269838014121846,0.2024849115718117,0.0968787336488613,0.0933457083228641,0.1821943727982689,Kelly Olynyk,1
203484,0.025939700138002,0.0867950787079269,0.0458700753943193,0.1432336132357183,0.0341847355741117,0.4465222713415823,0.1666725142095291,0.0507820113988102,Kentavious Caldwell-Pope,4
203486,0.0842358244825758,0.0791828692127988,0.0591128592860181,0.0744956374411297,0.3300915801494242,0.0901844291354744,0.0922444227166538,0.1904523775759249,Mason Plumlee,1
203488,0.0794704223449347,0.1274802843777969,0.0693550838441663,0.1213080703176452,0.3507016566188763,0.0869598257257206,0.0414914635999797,0.12323319317088,Mike Muscala,1
203493,0.1415472327680201,0.1425718902302852,0.1951578366590912,0.1599122472840008,0.032276710061348,0.1354781077992196,0.1477871339805315,0.0452688412175032,Reggie Bullock Jr.,3
203497,0.1022510102557369,0.0611678848089631,0.0303988504237968,0.1099227537310166,0.2866372707777145,0.0897066975943513,0.07196157381067,0.2479539585977504,Rudy Gobert,1
203501,0.051539355118167,0.1430080921972317,0.1131726269779285,0.1713362516872417,0.0407191314068697,0.2239322521860308,0.1864158719949596,0.0698764184315707,Tim Hardaway Jr.,4
203507,0.0643306914777535,0.1212095404874569,0.0823552790094017,0.1875309384531039,0.1201396688188297,0.1077199313720793,0.144959626982057,0.1717543233993176,Giannis Antetokounmpo,4
203552,0.047144189394807,0.2492351237708807,0.1766986796681991,0.1876278202254544,0.0250732154251402,0.1285319284697567,0.1399518986927569,0.0457371443530046,Seth Curry,3
203903,0.0963776896254447,0.1801408396460344,0.1222733426752422,0.2356827345525215,0.0319451809673912,0.1170977671257632,0.1680121583068431,0.0484702871007592,Jordan Clarkson,4
203914,0.0345107607285768,0.1015921542401716,0.0562196166042616,0.2367948204463029,0.0339595880167703,0.287495360963009,0.2023575494126336,0.0470701495882739,Gary Harris,4
203915,0.0337679691279156,0.1155382115796346,0.0721867075633569,0.177666328994206,0.0369697114310443,0.3152609875509491,0.1762107943835019,0.0723992893693912,Spencer Dinwiddie,4
203924,0.0637992777910781,0.1400501755645998,0.0654701340675125,0.1540978373633389,0.0614276594046764,0.216979391110047,0.1512324435400207,0.1469430811587263,Jerami Grant,4
203926,0.0884901232701021,0.269547636249587,0.1609792160223129,0.1736422646750788,0.0439538283179595,0.0749645759474884,0.1199377208752681,0.068484634642203,Doug McDermott,3
203932,0.0461784996577522,0.1204572349974755,0.0562363924094839,0.1530895092586495,0.062492641174698,0.2039177887004364,0.1253385059638913,0.2322894278376129,Aaron Gordon,4
203937,0.0950662010690595,0.12414074729463,0.1075682297692778,0.1624583134826107,0.0568821364438324,0.1679240245224047,0.1496002806150495,0.1363600668031349,Kyle Anderson,4
203939,0.1156225602687548,0.0790946083418107,0.0431640209136719,0.0820636873358726,0.2787977004424046,0.0985000828029998,0.0703470628593058,0.2324102770351794,Dwight Powell,1
203944,0.0525512691811272,0.1169310196472106,0.1154797074429944,0.1462268750896314,0.0639753334289402,0.1380811702280223,0.1049161049763373,0.2618385200057364,Julius Randle,4
203952,0.0412069465157865,0.0829699158662058,0.0483433582365594,0.1411732553016541,0.0545797668944946,0.3945288295483729,0.1463070424061652,0.0908908852307612,Andrew Wiggins,4
203957,0.0416226144424957,0.1092412237604222,0.0492472770542847,0.1435335481008827,0.037074351862217,0.314099613998864,0.2362525964899187,0.0689287742909146,Danté Exum,4
203967,0.1227727883181024,0.1093559295341502,0.0584182367789039,0.127116753356402,0.2357989964697081,0.09472293552296,0.081892271416885,0.1699220886028881,Dario Šarić,1
203991,0.0426271022179484,0.0577784266687475,0.0553845224400202,0.1289435859225341,0.3409538865072912,0.0894731145172293,0.0681721496555144,0.2166672120707145,Clint Capela,1
203992,0.0486247920958052,0.1498126289754369,0.1348453978570666,0.2332418461331223,0.0413058160789222,0.1573186953812995,0.177096020400336,0.057754803078011,Bogdan Bogdanović,4
203994,0.0506854694995017,0.070440248716802,0.0419613122331163,0.0811961834365869,0.2758223023330253,0.0917478053398289,0.0809759796232017,0.3071706988179369,Jusuf Nurkić,1
203995,0.0796242671947861,0.1342483371337946,0.1453577825294502,0.1956303900141235,0.0413211402961992,0.1826746305399285,0.1935789299268575,0.02756452236486,Vasilije Micić,4
203999,0.0817546103422658,0.0497308515020778,0.0344920306879273,0.092736006949771,0.3109574378235082,0.0790450270010324,0.075521879196019,0.2757621564973981,Nikola Jokić,1
204001,0.0590985642770803,0.1037471411634776,0.0642118597148265,0.148859509019285,0.2390117773919294,0.0977671363516463,0.1085589724711072,0.1787450396106475,Kristaps Porziņģis,1
204060,0.1031638655462184,0.217953781512605,0.2059201680672269,0.1670840336134453,0.0390462184873949,0.065844537815126,0.15790756302521,0.0430798319327731,Joe Ingles,3
204456,0.0373219404349552,0.1105271400838441,0.0618414391182887,0.1824211365945869,0.0332280728591877,0.3021449098001508,0.2385187775216075,0.0339965835873789,T.J. McConnell,4
1626145,0.0241854953128061,0.1328443511700869,0.0813973526974676,0.1967936808458903,0.0261236399347499,0.2931697517239099,0.2108706070098984,0.0346151213051905,Tyus Jones,6
1626153,0.0550398101517572,0.1005804663956475,0.1167539725879632,0.1866863526350208,0.0646198652994357,0.210383674129806,0.2336832311955181,0.0322526276048513,Delon Wright,6
1626156,0.0518640334161623,0.1349280454898852,0.1039910361754348,0.2274989709895269,0.0296412183484,0.1706823482781224,0.2301057975212281,0.05128854978124,D'Angelo Russell,6
1626157,0.0629409357954532,0.1867295985605233,0.1183906253178806,0.1447117090846619,0.119882545215345,0.0880639626748767,0.1005689639972602,0.1787116593539986,Karl-Anthony Towns,3
1626162,0.0404705102566605,0.1017857507666675,0.0640096426455533,0.1917815060050891,0.0556880940112543,0.2622944865767927,0.1949662121518217,0.0890037975861607,Kelly Oubre Jr.,6
1626164,0.0463250873409735,0.1814112041283324,0.0917442769297411,0.1877393048506022,0.0322902639533679,0.2283766349947736,0.1553831231813773,0.0767301046208319,Devin Booker,6
1626166,0.0372951002724552,0.1648316881802075,0.1155366474608066,0.2180460642875221,0.0392268524721961,0.1758006163741123,0.2253264251790313,0.0239366057736686,Cameron Payne,6
1626167,0.0343621476563519,0.0531803570282892,0.0444393806318015,0.1611981177365937,0.3136663208033468,0.0854606877296691,0.0781710098692725,0.229521978544675,Myles Turner,1
1626168,0.1560294525698614,0.1311491890891981,0.1092165954212594,0.168451488110797,0.0768284198800825,0.0884944364240301,0.1413755524367538,0.1284548660680176,Trey Lyles,5
1626171,0.1074589008924377,0.1048520432127759,0.0877336777829967,0.157003287928605,0.2080906528886801,0.1020878346641615,0.1140112728980742,0.1187623297322686,Bobby Portis,1
1626172,0.0508543991512565,0.0653056607600466,0.0277128781998525,0.1080977771190308,0.2499580698887194,0.1032845903915687,0.071920867153706,0.3228657573358192,Kevon Looney,1
1626174,0.1355029488229442,0.1094939457064808,0.0859693190500008,0.1410158461445445,0.1305341959029774,0.1079879298878183,0.1269725234559215,0.1625232910293123,Christian Wood,5
1626179,0.0319160513019821,0.0831092110376992,0.0521992115929154,0.1649081117095109,0.0395691521847759,0.3836477708067292,0.1928954527788573,0.0517550385875298,Terry Rozier,2
1626181,0.0808306866988102,0.1451538966061173,0.1141653521649901,0.2212688330281181,0.0306641309126128,0.1546465185491662,0.1894222383122973,0.0638483437278875,Norman Powell,6
1626192,0.0562664442740932,0.1215633748634616,0.1093879430652548,0.2227772676601324,0.0399576555554619,0.2116323671049934,0.1840438944533832,0.0543710530232192,Pat Connaughton,6
1626196,0.0417780706311694,0.1082952131142001,0.0819468555571043,0.1562147572766324,0.0492838467419356,0.3392298237388649,0.1710742510063315,0.0521771819337616,Josh Richardson,2
1626204,0.1187883225038894,0.0783952594490711,0.0557258777950642,0.1013124980934077,0.2779773344315305,0.0920426466550746,0.0876689240718709,0.1880891370000915,Larry Nance Jr.,1
1626220,0.0583326778832059,0.1164579951806539,0.0975476631415367,0.1977790966228826,0.0771643559070357,0.1749026954492693,0.1374896021775244,0.1403259136378912,Royce O'Neale,5
1626224,0.0898574058752059,0.1829945511602078,0.0984928106621346,0.2081404622941777,0.05250191939295,0.1547962461891664,0.1484007543400642,0.0648158500860931,Cedi Osman,6
1627734,0.0642069458250497,0.0595008076540755,0.052885810139165,0.089362263916501,0.3249456386679921,0.0827037773359841,0.0615944955268389,0.2648002609343937,Domantas Sabonis,1
1627736,0.0189886691271445,0.0813114098616422,0.0322678013873018,0.1813429661759431,0.0359820383811022,0.4276370592651102,0.1490516445543797,0.073418411247376,Malik Beasley,2
1627739,0.0326796417715942,0.0730747444531241,0.0567626903412351,0.1485522404084307,0.0338088239105243,0.4382670571292117,0.1496258889995446,0.067228912986335,Kris Dunn,2
1627741,0.0409973281892662,0.0837285617676079,0.1096528863316371,0.2433276792940211,0.0443321027483065,0.212738217979845,0.1799159654549284,0.0853072582343876,Buddy Hield,6
1627742,0.0550304336966095,0.1798239271519406,0.0686675343228119,0.2032900819891236,0.0460054951555865,0.1901306304529778,0.1592828252286361,0.0977690720023137,Brandon Ingram,6
1627747,0.0530992519450833,0.1090160056584241,0.0728732897085068,0.1641762730283342,0.0322572334615222,0.3188109814649135,0.1728372219385723,0.0769297427946432,Caris LeVert,2
1627749,0.0317505950526312,0.0855221526611139,0.0581384890642014,0.1609581230706964,0.0422109939386541,0.388758082597481,0.1717220710722511,0.0609394925429706,Dejounte Murray,2
1627750,0.0444120522802686,0.1333234103816316,0.0789233939574356,0.1944804436585922,0.0423051358973898,0.2130115559615981,0.2228173141820365,0.0707266936810472,Jamal Murray,6
1627751,0.0620482876075165,0.0307128647689379,0.0322048573841111,0.1403439096646773,0.3725544917206932,0.0997488300201794,0.067132511842915,0.1952542469909693,Jakob Pöltl,1
1627752,0.0375779678557462,0.0791853101754128,0.0553180181094996,0.1840354671373725,0.0361131336002298,0.3610405940572668,0.1481837567597347,0.0985457523047373,Taurean Prince,2
1627759,0.0324727916500713,0.1050734925592714,0.0703729606839105,0.1750119581436387,0.0582128149374841,0.311799781609042,0.1342094380720614,0.1128467623445203,Jaylen Brown,2
1627777,0.118252645431526,0.1587489342745001,0.1408626679877822,0.1272572258109114,0.0749861103643565,0.0861541455121755,0.1440118388341411,0.1497264317846069,Georges Niang,3
1627780,0.0532153972153972,0.0665880425880425,0.0504701064701064,0.1108009828009828,0.047043407043407,0.4052285012285012,0.1954660114660114,0.0711875511875511,Gary Payton II,2
1627783,0.044750784251257,0.1208766757523502,0.0742514424997598,0.1893193491346687,0.101336556306796,0.1572615513762535,0.1544802196746347,0.1577234210042798,Pascal Siakam,5
1627826,0.0667895701441863,0.0732771437375992,0.0384307640739799,0.0842438462661311,0.236993766523039,0.1079910687736864,0.0869470019300531,0.3053268385513248,Ivica Zubac,1
1627827,0.0387918936967104,0.0782176972137002,0.0489150947961326,0.1703064058764891,0.0647410647749378,0.1989557424487307,0.1468444840167623,0.2532276171765366,Dorian Finney-Smith,5
1627832,0.0450321233227742,0.1069996134356475,0.0740279480779355,0.2069168781692592,0.0368250647626477,0.2991273440929993,0.1750961600691268,0.0559748680696095,Fred VanVleet,6
1627884,0.0338635289307935,0.0721577044446999,0.0411968367125317,0.1183652089481685,0.0442017042913903,0.4686954633142974,0.1267819043603797,0.0947376489977386,Derrick Jones Jr.,2
1627936,0.0244216487228654,0.0500604295408636,0.0358755023339041,0.1405979748630192,0.0370990403874323,0.4427841149314349,0.1329407192610086,0.1362205699594716,Alex Caruso,2
1628365,0.0323310892363811,0.0881527774052517,0.068181208593729,0.154569106563313,0.0339457661668857,0.314014430169246,0.2587184507684467,0.0500871710967465,Markelle Fultz,2
1628368,0.0376443003276511,0.1200009487312414,0.0727981811466772,0.1934784892132646,0.0346778210354046,0.3026825375850046,0.1888364827822221,0.0498812391785342,De'Aaron Fox,6
1628369,0.0483446226154271,0.1264117362455073,0.0776731407243572,0.1881842687309925,0.0901454935029029,0.1960827343102018,0.1740807298866463,0.0990772739839646,Jayson Tatum,6
1628370,0.0796802403289247,0.1749742231953054,0.1368118229610865,0.1994831909774819,0.0242492903422905,0.1357247419137209,0.2073651650351964,0.0417113252459934,Malik Monk,3
1628371,0.0675284142894902,0.0788128011711363,0.0749649269056381,0.1738456377203505,0.0894465567370839,0.1807789276782628,0.1126659618160746,0.2219567736819633,Jonathan Isaac,5
1628372,0.0198430669012244,0.0929928761778691,0.0737333008203716,0.1765061919774267,0.0465182101614616,0.3337571630118614,0.1853064636928918,0.071342727256893,Dennis Smith Jr.,2
1628374,0.0705736626548663,0.1060515524461894,0.1013250994401602,0.1797077959546896,0.0990093169852256,0.11754583479726,0.1264781385520076,0.1993085991696009,Lauri Markkanen,5
1628378,0.0361144933602222,0.153073988813211,0.1289596096038963,0.2003300863741866,0.0381501845439671,0.1771574521517445,0.2082064989916669,0.0580076861611049,Donovan Mitchell,6
1628380,0.1021387890482529,0.0672248736708553,0.0602857329895975,0.1100785874827378,0.2646568305022928,0.0930455844807646,0.0580194458039396,0.2445501560215593,Zach Collins,1
1628381,0.1024645492909858,0.0871142422848456,0.0531035620712414,0.1084821696433928,0.1904738094761895,0.1387502750055001,0.1108497169943398,0.2087616752335046,John Collins,1
1628384,0.0229520577845506,0.0708514222509085,0.0452533162643584,0.1180223200057848,0.0544555648696928,0.3911732331334513,0.1216941136140251,0.1755979720772282,OG Anunoby,2
1628386,0.0579148191321491,0.0587300456901689,0.0360030285198109,0.1300314471302151,0.3329872524803502,0.1101511636187813,0.0607521823708662,0.213430061057658,Jarrett Allen,1
1628389,0.0664675088519813,0.0744902934095328,0.044806743506194,0.1162155497452173,0.3034446019384945,0.0924728511003563,0.07856380485546,0.2235386465927637,Bam Adebayo,1
1628392,0.0720158596611433,0.0667964794373548,0.0485966618133819,0.1591457547193575,0.2972326201187963,0.0716153377231209,0.0647812747177453,0.2198160118090996,Isaiah Hartenstein,1
1628398,0.0417436023689357,0.1005820735417387,0.0926413321062699,0.1713785510100803,0.0866662368036952,0.1866855806374086,0.1311629161122411,0.1891397074196303,Kyle Kuzma,5
1628401,0.0349222728619065,0.1079427867113824,0.0545437173350149,0.2241885707187969,0.0444425335129608,0.3194886347350015,0.1473595704226025,0.0671119137023342,Derrick White,6
1628404,0.050029178035988,0.1287081536103135,0.1084869716053987,0.1641840054394283,0.0481428670855692,0.2096981724020394,0.1695752498871247,0.1211754019341379,Josh Hart,6
1628415,0.0334624201996402,0.0738222979319567,0.0379758171079235,0.1451570534761912,0.0492792097177335,0.3558140830719755,0.127495502523363,0.1769936159712161,Dillon Brooks,2
1628426,0.1793928871027526,0.243479193897657,0.1086248268596734,0.1270898768996664,0.0551707992742737,0.0854093915214889,0.157133381454964,0.0436996429895237,Sasha Vezenkov,3
1628436,0.1584344189990691,0.1125498930254545,0.0554269478383344,0.0855698892240812,0.2494480698283046,0.0792927496113339,0.1509583847087319,0.1083196467646901,Luke Kornet,1
1628449,0.1269687439830562,0.204139657274886,0.1294332841281047,0.1299916565047172,0.1069764456710095,0.0957319812592259,0.1310634747448815,0.0756947564341184,Chris Boucher,3
1628464,0.1455502017431832,0.0672036308684878,0.0744490859227524,0.0859787215638785,0.2468084889868065,0.1081170466629693,0.0889247317299032,0.1829680925220187,Daniel Theis,1
1628467,0.0784406700196061,0.0608430653823203,0.1022131531838718,0.1562153695337141,0.1603923365441991,0.1376960617168187,0.136790341829341,0.1674090017901287,Maxi Kleber,5
1628470,0.0584489267608672,0.0954460144536727,0.0576464243339445,0.2203343760112177,0.0394822564987595,0.2263056843921907,0.1453608025024269,0.1569755150469205,Torrey Craig,5
1628960,0.0361790536476119,0.0958123953098827,0.0656042644160026,0.1727144007329465,0.0256087065160054,0.333140842333213,0.1976734501235459,0.0732668869207918,Grayson Allen,2
1628963,0.0600977118617551,0.0558110844407493,0.0377080176471377,0.0701505012985039,0.3619764079045588,0.0860767301838466,0.1007558589122962,0.2274236877511521,Marvin Bagley III,1
1628964,0.0562970695697561,0.0649399068607181,0.0460476813470624,0.0971048189749256,0.4168897987405183,0.0821442370916682,0.0675903769632798,0.1689861104520712,Mo Bamba,1
1628966,0.0807100574587874,0.117472102817941,0.0657447208834469,0.1834990520023736,0.0507576744387998,0.1762334824077692,0.1442620815422691,0.1813208284486127,Keita Bates-Diop,5
1628969,0.0332189503720509,0.0950291860321363,0.0692278648922272,0.1506814529197726,0.0469198461677252,0.3532345207108895,0.1672057256078613,0.0844824532973366,Mikal Bridges,2
1628970,0.0531874823993241,0.1192234581807941,0.0750070402703463,0.1586612925936356,0.0721803717262742,0.1883641931850183,0.1612609124190369,0.1721152492255702,Miles Bridges,5
1628971,0.0379144629227382,0.0882166043698762,0.0716610410288997,0.1733091072511531,0.0494323220071566,0.3093464514991096,0.1802024263130045,0.0899175846080617,Bruce Brown,2
1628972,0.073295340506152,0.1636509606670843,0.0906597249676128,0.1752981747629503,0.0434322484901196,0.2181708704087777,0.1521253884938905,0.0833672917034126,Troy Brown Jr.,6
1628973,0.0402005525788484,0.1726835382700574,0.1226989857618261,0.2127869923292169,0.0310167980439061,0.1813553187920944,0.195770035396824,0.0434877788272264,Jalen Brunson,6
1628975,0.0616803966697646,0.1122227034076034,0.0899124621066512,0.2110641279542214,0.0394139486450846,0.2076433864853949,0.2426147505486324,0.0354482241826471,Jevon Carter,6
1628976,0.0584979314026424,0.0408681436006939,0.027899372747898,0.1196016281863072,0.3070365674629654,0.0884358734819164,0.0868010142799946,0.2708594688375817,Wendell Carter Jr.,1
1628978,0.0268119003077665,0.1039345845151167,0.0952547623358075,0.2229678353750528,0.0311005169673928,0.2988956610946835,0.156472150141814,0.0645625892623659,Donte DiVincenzo,6
1628981,0.0980737861382015,0.0530593829174331,0.0705861937319959,0.1016207961683962,0.4367542428764793,0.0590427931836323,0.0714955055009891,0.1093672994828723,Bruno Fernando,1
1628983,0.0406879712921824,0.1534152313628034,0.0956236936951047,0.1959774945746471,0.0471148608551435,0.1691317869119779,0.2215249461815435,0.0765240151265973,Shai Gilgeous-Alexander,6
1628988,0.0697895816994994,0.111943472272619,0.0932270512175232,0.2099579007331281,0.0369802457286216,0.2684989016734361,0.1645890151736838,0.0450138315014884,Aaron Holiday,6
1628989,0.0389622106874705,0.1684039280810427,0.130859909156782,0.2565263606041553,0.0297171792927085,0.1639407122536843,0.1566411128999061,0.0549485870242502,Kevin Huerter,3
1628991,0.0841794564024142,0.1139671176000717,0.0465342770613437,0.1193108279547386,0.2136864766965532,0.1027521603369399,0.1115195188524905,0.2080501650954478,Jaren Jackson Jr.,1
1628997,0.03188698946264,0.0949825218036086,0.0584952105202096,0.1617653734987162,0.0580008776929789,0.3877309618808859,0.1434750588911812,0.0636630062497793,Caleb Martin,2
1629002,0.1105792097249417,0.1479248639533519,0.1114810399461372,0.144632565954056,0.1094241258114927,0.111691055203128,0.1290358446628328,0.1352312947440593,Chimezie Metu,3
1629003,0.0885088618719789,0.1660136223817196,0.1113867731067819,0.186007763292808,0.0309982422733265,0.1382928079683609,0.2424747326790683,0.0363171964259557,Shake Milton,6
1629006,0.0639849412322696,0.0876204874337349,0.0392822382625106,0.1072294930511296,0.0338525841497576,0.4088989017178259,0.1648559585389833,0.094275395613788,Josh Okogie,2
1629008,0.0633036837409996,0.2269313605094305,0.1361349274188431,0.1902675182059446,0.032488886068673,0.137017696439436,0.1524726864173015,0.0613832411993714,Michael Porter Jr.,3
1629012,0.0581314209519072,0.1143698053765001,0.1010747933665421,0.1815058161359485,0.0383788974789451,0.2794416693726495,0.1701867473625303,0.056910849954977,Collin Sexton,6
1629013,0.0732380721724388,0.0740917897796076,0.1120428675224025,0.2104928554129329,0.0442661661419229,0.2732077984984258,0.155134415112618,0.0575260353596512,Landry Shamet,6
1629014,0.0611758228935093,0.1503514183898485,0.105850390614481,0.2360562149741036,0.0409943240469515,0.1947417396481926,0.1472247073009452,0.0636053821319681,Anfernee Simons,6
1629018,0.0523616912609671,0.1483227842328949,0.1207111978549149,0.1964686354267369,0.0229830545573937,0.2188930740747496,0.2045583058205497,0.0357012567717928,Gary Trent Jr.,6
1629021,0.0965195488355587,0.0632806139844277,0.0852195634476088,0.1471433442111928,0.326530612244898,0.0692854707515464,0.065308905696612,0.1467119408281553,Moritz Wagner,1
1629022,0.0591899710703953,0.1654484088717454,0.1470009643201542,0.2260559305689488,0.0378447444551591,0.1454966248794599,0.1824927675988428,0.0364705882352941,Lonnie Walker IV,3
1629023,0.0773144276846878,0.0748339658444022,0.05815416653266,0.1812948252018139,0.104103013540025,0.1331710513620429,0.1710513620429035,0.2000771877914643,P.J. Washington,5
1629026,0.0820321081166577,0.0881303656318374,0.1123081113854643,0.1696176726448336,0.0783019779794908,0.149143695684648,0.1352864159995782,0.1851796525574897,Kenrich Williams,5
1629027,0.0359069457761981,0.1239113157518397,0.1000944796235819,0.2421233767908343,0.028440007783433,0.1907433412965042,0.2384778230769411,0.0403027099006674,Trae Young,6
1629028,0.0790008615057871,0.0711640218525758,0.0471615856911957,0.1222609451577388,0.2726054173357868,0.1109156166793767,0.0701853929221183,0.2267061588554206,Deandre Ayton,1
1629029,0.0655144780807509,0.2065228279301388,0.1046646823551297,0.1613087870180233,0.0520202056338229,0.131433211937351,0.1912076157495188,0.0873281912952641,Luka Dončić,3
1629048,0.0501040721566953,0.0466990446709718,0.019464161818861,0.1553610503282275,0.4194801729198911,0.0794951166141858,0.0424294177296258,0.1869669637615413,Goga Bitadze,1
1629052,0.1368469676110426,0.1898866024201145,0.1143304832983117,0.103543221505688,0.0655930729657271,0.1132979494239548,0.1722882399826099,0.1042134627925512,Oshae Brissett,3
1629060,0.0723635453179769,0.1156059088632949,0.0842638958437656,0.1848097145718577,0.0586454682023034,0.1348647971957937,0.1491261892839258,0.2003204807210816,Rui Hachimura,5
1629111,0.1469068480281028,0.1595082000694402,0.0879167262354567,0.043515852106012,0.2464514020791209,0.0731777056144435,0.0857858655174996,0.1567374003499241,Jock Landale,1
1629130,0.0618489345259426,0.2109226632341361,0.1669604308215888,0.2037333645381564,0.0376286284748886,0.1222010126940245,0.1473111437786602,0.0493938219326024,Duncan Robinson,3
1629162,0.0804114895115448,0.1156077602830457,0.1352264533762597,0.1851786642520582,0.0341482636618206,0.1546020088200278,0.2746784714187501,0.0201468886764927,Jordan McLaughlin,6
1629234,0.0937680728366298,0.0898230307837208,0.0760009253292354,0.0919545927725177,0.2219509575505213,0.0906409557329103,0.11003569127051,0.2258257737239544,Drew Eubanks,1
1629312,0.0488251871574543,0.087242172236726,0.0637943256280364,0.1716454295544529,0.0651256072891993,0.320558792510244,0.1543145628382233,0.0884939227856636,Haywood Highsmith,2
1629599,0.0543575002801933,0.0901925752071782,0.0939537582162564,0.1985482690646818,0.038969943499845,0.2952380324496806,0.1546798873952571,0.0740600338869073,Amir Coffey,6
1629611,0.0454489200869276,0.0712673323201671,0.0611661972109877,0.1688679105179523,0.0451741771324756,0.3604800823733831,0.16349433435475,0.0841010460033563,Terance Mann,2
1629614,0.0153735109874767,0.041539563872776,0.0551059760704294,0.1604234828009504,0.033958178570864,0.4885093805813273,0.1594619798005342,0.0456279273156416,Andrew Nembhard,2
1629622,0.0301172469345744,0.1354686215958927,0.0907524633247357,0.2187233021163031,0.0390043367533746,0.215137140671912,0.2095188888798483,0.061277999723359,Max Strus,6
1629626,0.1966034513656824,0.1493975395578794,0.1186683674007231,0.1357986949325855,0.08060214418992,0.0925248521520962,0.1533401503252126,0.0730648000759005,Bol Bol,3
1629627,0.0856635826755348,0.1583085537268804,0.0923209449105863,0.1492947130397329,0.079002079002079,0.1358743818903181,0.1633569671418276,0.1361787776130405,Zion Williamson,5
1629628,0.0404596278951545,0.1131661043610457,0.0658053439416065,0.175252318161872,0.0482791529687099,0.2929720190008943,0.1431013852620775,0.1209640484086391,RJ Barrett,2
1629629,0.0398398049799756,0.041377080172135,0.0386507798313474,0.0942314867789358,0.0333424541678067,0.5731001716375215,0.1074799134349891,0.0719783089972886,Cam Reddish,2
1629631,0.0385261738213618,0.0910691635402227,0.0772905104176144,0.1703479317302391,0.0505761398363366,0.2543257317484358,0.1641985153628369,0.1536658335429522,De'Andre Hunter,2
1629632,0.0410882084276579,0.1239207275904523,0.0993383375034751,0.228023352793995,0.0348528535684498,0.2377632153778942,0.1833099011080662,0.0517034036300091,Coby White,6
1629636,0.0340926585321037,0.1196967665360567,0.083610196510779,0.210353937913122,0.0362802500955984,0.2630895447525116,0.2168372541132184,0.0360393915466098,Darius Garland,6
1629637,0.1484068412939509,0.0587461392087001,0.0590679894523463,0.1068260484130524,0.2711729465107481,0.0873456389291985,0.0991524610250648,0.1692819351669386,Jaxson Hayes,1
1629638,0.0517503805175038,0.0868630417121887,0.0664154784248909,0.1526412116797863,0.0264261235771446,0.3663566499519101,0.1965524647262608,0.0529946494103146,Nickeil Alexander-Walker,2
1629639,0.0319908298246616,0.1716994671899509,0.114668470219157,0.2376720201693053,0.0283297452799634,0.2268221278109064,0.1402865362266379,0.0485308032794172,Tyler Herro,3
1629640,0.0549907568153006,0.1199362321581766,0.0651075969746302,0.211395349360858,0.0507913562150003,0.209571481003623,0.133482395166974,0.1547248323054371,Keldon Johnson,5
1629642,0.1033211508223194,0.1291700310229059,0.0849517657558114,0.1733245505928349,0.0398410607284008,0.1293187709829586,0.1913752071735157,0.1486974629212528,Nassir Little,5
1629643,0.0659781851937804,0.140937572522627,0.0651427245300533,0.1938268739846832,0.0487700162450684,0.2284984915293571,0.2120561615223949,0.0447899744720352,Chuma Okeke,6
1629651,0.0582378779928371,0.0901752223217702,0.0570532311986013,0.1117280032629343,0.2930820751712238,0.1205612980245957,0.0984333790846827,0.1707289129433546,Nic Claxton,1
1629652,0.0148239096308337,0.0528972433100262,0.0384038213598799,0.1096777168681296,0.0441911986519176,0.5128400228267073,0.0920119974713849,0.1351540898811205,Luguentz Dort,2
1629655,0.0926515456355977,0.0602846271781263,0.0282717099532922,0.1237679993072781,0.3526157889643299,0.0928858486097174,0.0829228786667142,0.166599601684944,Daniel Gafford,1
1629656,0.0382137428290405,0.1011346469699608,0.0687141452028105,0.1586482123780525,0.0380631467981872,0.3616893109760976,0.1589964656994009,0.0745403291464499,Quentin Grimes,2
1629659,0.0852168130078166,0.1510606922209478,0.0767833219280406,0.1645060865709907,0.0714774512544215,0.2229043979451196,0.1619278478694592,0.0661233892032037,Talen Horton-Tucker,6
1629661,0.0577410126453891,0.1795830213500944,0.0891889231283243,0.2367721592620987,0.0414204360705325,0.1398838378263892,0.173628740442872,0.0817818692742996,Cameron Johnson,6
1629667,0.0900540024521044,0.1151833930760807,0.1235317790859827,0.1665652755809709,0.0821922936535419,0.1873052121257499,0.1594897376622647,0.0756783063633045,Jalen McDaniels,6
1629670,0.0665351324689013,0.2132475658290371,0.1667398663486421,0.1470908194085015,0.0639945404298735,0.1104616985479435,0.1792468766258775,0.0526835003412231,Jordan Nwora,3
1629673,0.0505859807028636,0.1776029503594967,0.1390595729104067,0.1939794813772259,0.0300654004185157,0.1972739711815336,0.1703836524401344,0.0410489906098231,Jordan Poole,3
1629675,0.1123673586180529,0.1780165770167621,0.1233561846411318,0.1483323194117491,0.1097560095893737,0.0783284480747913,0.1226708858628873,0.1271722167852514,Naz Reid,3
1629677,0.3083936231512901,0.0670465458736154,0.055701389333504,0.1661309943018118,0.0523208912222293,0.1151546193738395,0.1471413022600678,0.0881106344836417,Luka Samanic,3
1629680,0.05572966854085,0.1126911214851265,0.0613584554982801,0.1696182715725988,0.0420864868573281,0.3045750655652331,0.1916500609655318,0.0622908695150511,Matisse Thybulle,2
1629684,0.0536629394201237,0.106722732211452,0.063422365190312,0.1328911683934056,0.157964529845064,0.177829869874323,0.1016687056730004,0.205837689392319,Grant Williams,5
1629723,0.0505542596453564,0.1028755444543071,0.0660281155172057,0.2129513035939145,0.0465743244638028,0.2424209896166628,0.2184753215118799,0.0601201411968705,John Konchar,6
1629726,0.0681590263136009,0.1485527274861925,0.1757126294522525,0.2456229606836938,0.0393603334328022,0.1197931699108204,0.1517177953125688,0.0510813574080687,Garrison Mathews,3
1629731,0.043496758508914,0.0882455429497568,0.0549878444084278,0.1969124797406807,0.072868719611021,0.2351094003241491,0.1263776337115073,0.1820016207455429,Dean Wade,5
1630162,0.0527975295193456,0.135958052464401,0.0872480091410449,0.1539186733492235,0.0329497359124138,0.2384483542621288,0.1998537566063537,0.0988258887450884,Anthony Edwards,6
1630164,0.1249361913258369,0.0434566888188119,0.0514858475938762,0.0911259428178864,0.4371764840585656,0.0582459889986689,0.0466196907605039,0.1469531656258497,James Wiseman,1
1630165,0.0447243104740264,0.105504121443593,0.1071768715704996,0.1638134835263119,0.0361430056322367,0.306964151901182,0.1671299765524909,0.0685440788996591,Killian Hayes,6
1630166,0.0560520470452874,0.0974164243024705,0.0605664131164306,0.1462175205343731,0.0685144939115983,0.2977903576336732,0.1437525967592444,0.1296901466969222,Deni Avdija,2
1630167,0.0951228973260854,0.1066577903118431,0.1078739208152267,0.1674564525682894,0.0701948429776326,0.1294523743375496,0.1424078335578631,0.1808338881055098,Obi Toppin,5
1630168,0.1041644028673693,0.064453247193712,0.0651118069892951,0.1284553809274497,0.2865591238520479,0.1015729700717501,0.0720760768275857,0.1776069912707899,Onyeka Okongwu,1
1630169,0.0338984416871849,0.212411294644836,0.1691033354422473,0.2247262777399427,0.0186336655208681,0.1467058629152176,0.1546324243511059,0.0398886976985972,Tyrese Haliburton,3
1630170,0.0544975113317771,0.1722100773566185,0.0901457795562801,0.2151658494613031,0.0318607169175919,0.233397557029407,0.1461047916640936,0.0566177166829284,Devin Vassell,6
1630171,0.0239245510903103,0.0661876409477349,0.0493729889883844,0.1405113277158682,0.0318978288151426,0.480946696987139,0.1324955887487143,0.074663376706706,Isaac Okoro,2
1630172,0.0504188007322079,0.0828911118096259,0.0674518795185178,0.146423090435072,0.0513543997189505,0.1802969509827487,0.197100752547011,0.224063014255866,Patrick Williams,5
1630173,0.0796519391071869,0.0902418642550622,0.0769665410705311,0.1211521933724495,0.2162890356655356,0.1191180712715939,0.1073564442118223,0.1892239110458183,Precious Achiuwa,1
1630174,0.0307930618108744,0.0603015186102468,0.062394785781648,0.1693607382402453,0.0448972756678624,0.3112203527265356,0.1739482985043055,0.1470839686582818,Aaron Nesmith,2
1630175,0.0420174995345868,0.1193984202547804,0.0838195792665088,0.2327517885162629,0.0379005877503257,0.2356825616339991,0.2153958671311933,0.0330336959123427,Cole Anthony,6
1630178,0.0390627852797476,0.1821207650792027,0.1033890321120012,0.2030315423546853,0.0349584084950375,0.1992777173238294,0.1930846363390711,0.0450751130164248,Tyrese Maxey,6
1630180,0.0606090588797067,0.0902726095578967,0.1432738097798732,0.1805817850183044,0.0523021462033838,0.1484941300971792,0.1795192229100435,0.144947237553612,Saddiq Bey,5
1630182,0.0491429348531584,0.0968981226780735,0.0650881173001675,0.1402026296106272,0.0344031451478306,0.3626748592163092,0.1831115204638598,0.0684786707299734,Josh Green,2
1630183,0.0367599964370395,0.0596732256244724,0.0349339791906141,0.1546261224385919,0.0307093260490585,0.5041440623687748,0.0959008987991974,0.0832523890922509,Jaden McDaniels,2
1630188,0.07972785608902,0.1035204507883463,0.0608768686563449,0.1389071582203103,0.282613719181613,0.0934372611408358,0.0832963009047763,0.1576203850187532,Jalen Smith,1
1630191,0.0399863075928876,0.0738910109987139,0.0762615889590571,0.1427913315546,0.1577410087593015,0.1394993953586578,0.1084739364390783,0.2613554203377033,Isaiah Stewart,5
1630193,0.0441426107324898,0.1507634327014876,0.1135020837463229,0.2069824299968328,0.0318269750018798,0.211427907390065,0.1945938802341451,0.0467606801967767,Immanuel Quickley,6
1630194,0.0726515206768288,0.0916630199596431,0.0574690637687501,0.1249452993946466,0.319557897551844,0.0841994262514282,0.0775776140811513,0.1719361583157075,Paul Reed,1
1630198,0.0796057619408642,0.1696011089165612,0.1594392943021602,0.1988923849840723,0.0343510332642429,0.1283095855554507,0.1832543186898645,0.0465465123467837,Isaiah Joe,3
1630200,0.0444852972870455,0.0601901740532246,0.0513107871619583,0.1753097009456978,0.0275972206656953,0.4105315563065199,0.1958012569073871,0.0347740066724713,Tre Jones,2
1630201,0.0524896755162241,0.1227669616519174,0.1107728613569321,0.2379587020648967,0.0415398230088495,0.1848377581120944,0.220070796460177,0.0295634218289085,Malachi Flynn,6
1630202,0.0634491665920493,0.1201393580737328,0.102073819621378,0.1987968970036386,0.0306446667589208,0.2210817073534719,0.2258029505056342,0.0380114340911742,Payton Pritchard,6
1630208,0.0759405079022089,0.0711185504322996,0.0421708388662545,0.1190720126882412,0.2987298453088368,0.0996165319694183,0.0665919777742887,0.2267597350584516,Nick Richards,1
1630209,0.1903913870562998,0.0697170842271421,0.0330473145262476,0.0509268628323956,0.2550795321164043,0.0691909175537297,0.093627312097786,0.2380195895899947,Omer Yurtseven,1
1630214,0.0995148034458857,0.0816268937518566,0.0473116150113872,0.1081839786117437,0.170823843944945,0.1227448262204178,0.0911129814833151,0.2786810575304486,Xavier Tillman,1
1630217,0.0385592667856041,0.185650546508041,0.0727649140883635,0.2016053375565668,0.0348543970284718,0.2222285825136507,0.1581391059338338,0.086197849585468,Desmond Bane,6
1630224,0.0567005565698804,0.2138432033688674,0.0997445373696919,0.2034811384651628,0.0262180487661228,0.1633009894575652,0.1817999440485305,0.0549115819541786,Jalen Green,3
1630228,0.0515328730843484,0.090827627137331,0.0595062996873028,0.1414245198702295,0.0760278776704176,0.2880919371978296,0.1622154819125902,0.1303733834399506,Jonathan Kuminga,2
1630230,0.0621678782871047,0.1111835472304555,0.0842423645170827,0.1640501224254645,0.053404792407347,0.2525148388759599,0.177922481560375,0.0945139746962104,Naji Marshall,6
1630231,0.0696426199016872,0.1053274877109074,0.1043908595722067,0.1490102298392453,0.0965989105885479,0.1428789690447721,0.1910854258004517,0.1410654975421814,KJ Martin,5
1630241,0.0530046569944474,0.1465251656815332,0.1987058928891277,0.1955534658785599,0.0278747984954325,0.1075317929428622,0.2440399426831452,0.0267642844348916,Sam Merrill,3
1630245,0.0368541940401801,0.0863582110510426,0.066617185384299,0.1782750423767063,0.0306275764535962,0.3742048725689813,0.1635650595279887,0.0634978585972056,Ayo Dosunmu,2
1630256,0.0694023326326754,0.1215889432467121,0.0711369259100801,0.1803651481612381,0.0750106958834799,0.2441823694637177,0.1066193567588682,0.1316942279432281,Jae'Sean Tate,5
1630264,0.096971550933007,0.1222666427569329,0.1079208025231801,0.1059904431387854,0.1795339711606417,0.1119291990590816,0.0407485153110199,0.234638875117351,Anthony Gill,1
1630529,0.0441193644071095,0.0768313000692892,0.0472295966429733,0.1650700288835083,0.0509801708097503,0.3662639065139708,0.1429052449648493,0.106600387708549,Herbert Jones,2
1630530,0.0576934408152614,0.1539838552641547,0.115541202185179,0.2051341045619961,0.0322698308927303,0.1871010462933605,0.1799630191834478,0.0683135008038698,Trey Murphy III,6
1630531,0.0660339970651557,0.1515515043754887,0.0240250211544435,0.1775473698867835,0.0604427973136534,0.2587268773899165,0.2171249236833367,0.0445475091312218,Jaden Springer,6
1630532,0.0420093480934809,0.122430504305043,0.0818046740467404,0.2149746617466174,0.0430720787207872,0.2283119311193112,0.1560049200492005,0.1113918819188192,Franz Wagner,5
1630533,0.0557196643271565,0.1497900892639068,0.0628902703724014,0.1586150960612358,0.0376410733788946,0.3216588247763793,0.1598224860251524,0.0538624957948727,Ziaire Williams,2
1630534,0.0446740346475912,0.1224361799505034,0.074671435513216,0.1253150037856957,0.0483693256941383,0.3774479890610344,0.1209162513701958,0.0861697799776248,Ochai Agbaji,2
1630537,0.0807607797415808,0.1237516255292979,0.0517735085168126,0.1155519112380927,0.0293460087250084,0.3628950116269386,0.1687155275683362,0.0672056270539323,Chris Duarte,2
1630540,0.0371620088063066,0.091301124241553,0.0611069920864289,0.1787211184917308,0.0319266443734963,0.3872732224727261,0.1765081934966484,0.0360006960311095,Miles McBride,2
1630541,0.0886616243533489,0.1211393010192757,0.1016117191101398,0.1514828157279199,0.0542717385736968,0.228931553157706,0.1820056000409759,0.0718956480169367,Moses Moody,6
1630543,0.0873112129607169,0.0609863524365177,0.0650780681484507,0.1330414022903394,0.3259201572852966,0.0724316664326111,0.0634120185371956,0.1918191219088715,Isaiah Jackson,1
1630549,0.0958573447863433,0.0804012177884092,0.0720669783625095,0.1012014787430683,0.3590246819615091,0.0833478308143959,0.0675165814939654,0.1405838860497988,Day'Ron Sharpe,1
1630550,0.1122048557814231,0.1192856475487513,0.0891138666061584,0.1747240426582667,0.0928845050119459,0.1101293362341666,0.1891125318668998,0.1125452142923879,JT Thor,5
1630552,0.0560670742523325,0.1144874235776876,0.1016189113442049,0.1638423423956103,0.0779395243782741,0.1922684862173764,0.141624587585587,0.1521516502489268,Jalen Johnson,5
1630557,0.0800623426447668,0.1498250700264847,0.1593028958812438,0.2361216771479329,0.0381554424474937,0.14376519057013,0.1456158515983477,0.0471515296836001,Corey Kispert,3
1630558,0.0463701086570556,0.0853854484766706,0.0683678360911867,0.1522219657694765,0.0262721042539592,0.3570946665719764,0.2206918897805553,0.0435959803991193,Davion Mitchell,2
1630559,0.034563033493425,0.1126129904993603,0.0721426424222087,0.190933845067567,0.0352708626077473,0.3066525450389044,0.1854459847738092,0.0623780960969778,Austin Reaves,6
1630560,0.0531794433272566,0.2312367268695145,0.1286295551504444,0.1534961190775996,0.0308923302448833,0.1500357082448457,0.1977743426863876,0.0547557743990678,Cam Thomas,3
1630567,0.0450137810339719,0.0853464869554466,0.0426263474611136,0.1568437275511965,0.114080955314491,0.2459887918520303,0.1463177034594338,0.163782206372316,Scottie Barnes,5
1630570,0.1024387832652632,0.1909875620199823,0.1380597245478642,0.1332093448589064,0.0711059483573586,0.1291127821407166,0.1510785143626848,0.0840073404472235,Trendon Watford,3
1630572,0.1527362883231541,0.1236499969764769,0.0678357622301505,0.1392997520711132,0.2064582451472455,0.0699401342444216,0.1082300296305254,0.1318497913769123,Sandro Mamukelashvili,1
1630573,0.0709910716055535,0.1514542267579988,0.1392382122822765,0.2195342963048963,0.0370303248259203,0.1747507383694424,0.1594141749942657,0.047586954859646,Sam Hauser,3
1630577,0.0567727028922721,0.1312043569748731,0.1004344914482307,0.2429089662658173,0.0422335843798896,0.1883515667399811,0.1671982759988701,0.0708960553000657,Julian Champagnie,6
1630578,0.0486519279921016,0.0703470293512461,0.0536945108279432,0.1301890622549064,0.2554301189366748,0.0880491248143056,0.0700540705131162,0.2835841553097059,Alperen Sengun,1
1630579,0.0846402382948247,0.0874235999772122,0.0333515092819415,0.0676308057913455,0.4589372767003328,0.0711547695588127,0.0628453769339073,0.1340164234616229,Jericho Sims,1
1630581,0.0586016806722689,0.2337859943977591,0.1145591036414565,0.2180974789915966,0.047356862745098,0.1002263305322128,0.1708616246498599,0.0565109243697479,Josh Giddey,3
1630583,0.091942214347141,0.1657066506599869,0.1041290307686092,0.1716543249779235,0.0692365852673134,0.0967095884244001,0.1458464397642862,0.1547751657903394,Santi Aldama,5
1630591,0.0236200202167156,0.0704467516272566,0.047532899398222,0.1538288947880551,0.0347935344298224,0.4804067905491577,0.1283926766364675,0.0609784323543026,Jalen Suggs,2
1630592,0.0811813078200363,0.149418834506207,0.1802561872380801,0.1642049497904641,0.051656519332648,0.1184391555309559,0.1841148098363248,0.0707282359452834,Jalen Wilson,3
1630595,0.0443687126642445,0.153805266761307,0.105713642001098,0.1765211551964371,0.046794511438877,0.1914368647042997,0.2220426144379868,0.0593172327957494,Cade Cunningham,6
1630596,0.0864324193543447,0.084754119949406,0.0368827732366371,0.1464836871135394,0.233121300008269,0.111193460757501,0.1106207563985165,0.1905114831817861,Evan Mobley,1
1630598,0.0605502624481407,0.1144304455124042,0.0848200301032219,0.1844280769847879,0.0494716655333389,0.2036360719115546,0.2042167431981235,0.0984467043084281,Aaron Wiggins,6
1630625,0.1334538860776566,0.1839511661479901,0.1215401445633876,0.1901652937973615,0.0497729645485016,0.1177886896882446,0.1504178551269051,0.0529100000499528,Dalano Banton,3
1630631,0.0486066819801372,0.096402932897267,0.0701478437258728,0.1273479722439349,0.0315444706062887,0.3344874383185233,0.245090657983705,0.0463720022442706,Jose Alvarado,2
1630647,0.1105793924209207,0.0661697463200751,0.1096147823363608,0.1024741622298778,0.2626620732853116,0.1253492013780144,0.1350454118383965,0.0881052301910429,Eugene Omoruyi,1
1630692,0.0697842775240501,0.1006753473909241,0.1052473034690506,0.1623700320668545,0.0376105334758526,0.2446992517733942,0.2030609270236129,0.0765523272762608,Jordan Goodwin,6
1630699,0.0784715005196258,0.0734511151970581,0.0593812455032376,0.1651770725077943,0.0444799744184187,0.3069390039171796,0.2141977776001279,0.0579023103365576,MarJon Beauchamp,2
1630700,0.0795265457889635,0.0827552441537733,0.040385194300818,0.097681357905845,0.0551359791457843,0.3670758777196656,0.1847371224225823,0.0927026785625676,Dyson Daniels,2
1630702,0.099665249523204,0.2523194135410044,0.1096282978385251,0.1426662825810553,0.0403389224411951,0.1294997616020343,0.1850564208518754,0.0408256516211061,Jaden Hardy,3
1630703,0.0763816635044984,0.0852002543926641,0.0735237375497941,0.1842963089114601,0.0640718260124482,0.2664257564589392,0.2005816970332386,0.0495187561369569,Scoot Henderson,2
1631093,0.0293218185795292,0.0951944271508135,0.0820363110161363,0.2210735979539297,0.0430562332789285,0.2950480389022564,0.1899177197085696,0.0443518534098366,Jaden Ivey,6
1631094,0.0576610460169314,0.1215513787863237,0.0929542677980803,0.1596091259133693,0.1069474011806344,0.1391466721405372,0.1489102472843091,0.1732198608798143,Paolo Banchero,5
1631095,0.0502960907037632,0.1590274890534461,0.0690859580716086,0.1966409343056944,0.0986969012544057,0.1719030335719288,0.132557242329921,0.1217923507092318,Jabari Smith Jr.,5
1631096,0.0605345614821293,0.0848329742833848,0.053528138177538,0.1071534628072846,0.3141102130363027,0.0804865801707241,0.0791169710942294,0.2202370989484065,Chet Holmgren,1
1631097,0.0529619778758387,0.1374811098349755,0.0895877410385057,0.2277760986519978,0.0329444478026959,0.1766094420600858,0.2164601341957323,0.066179048540168,Bennedict Mathurin,6
1631098,0.068744053282588,0.0927304257082348,0.1360532212025413,0.1523587366870262,0.0384042847058101,0.3056075626899113,0.1574076915993984,0.0486940241244897,Johnny Davis,6
1631099,0.0571469428042285,0.1095086792900316,0.0564249765448159,0.1661062999403593,0.0345131261836584,0.3162020389443248,0.1611292668380319,0.0989686694545492,Keegan Murray,2
1631103,0.0791662814038876,0.1461184899289824,0.0763148397257128,0.1996158308701371,0.0283235252886488,0.2175834926581342,0.2153136734979971,0.0375638666264999,Malaki Branham,6
1631104,0.0577288460544971,0.0919631940577805,0.0583430437802434,0.1205951403757512,0.0392627331224779,0.3609014356154318,0.2322126616574154,0.0389929453364024,Blake Wesley,2
1631105,0.0515502127110996,0.0658679257444888,0.0292585191869709,0.1264905891452881,0.3338597395900477,0.0946242103906149,0.0566047870740406,0.2417440161574492,Jalen Duren,1
1631107,0.0801491242564441,0.1336799818241903,0.0939462161269002,0.2050406890284203,0.1448539738929279,0.10528027924653,0.1334166391275611,0.1036330964970257,Nikola Jović,5
1631108,0.0508760370026408,0.0862910715304835,0.0918684465843117,0.2119194990220137,0.0335680154402494,0.3024649403609988,0.1861805616805798,0.0368314283787219,Max Christie,6
1631110,0.0381629201663672,0.0593796022074412,0.0314426858280332,0.1199406062371542,0.0495339127057338,0.4194057386998107,0.0771147901797996,0.2050197439756599,Jeremy Sochan,2
1631114,0.0435624526844115,0.0795115960898105,0.0537602391419847,0.1858235199100103,0.059845826594815,0.2539968900643589,0.1433586915695055,0.1801407839451032,Jalen Williams,5
1631117,0.0962924888078262,0.0701011440888741,0.0525551318189355,0.114130326645664,0.274889736362129,0.0866058696733543,0.0697894213231636,0.235635881280053,Walker Kessler,1
1631119,0.1095635656357701,0.0828053732497696,0.0682746226554591,0.0857115233686317,0.2135878157807932,0.0753949748057827,0.0708850392984292,0.2937770852053641,Jaylin Williams,1
1631121,0.051039482453146,0.184191847770138,0.1318303235209657,0.2656653825522992,0.0386317951051944,0.1407324328278149,0.1356447391947465,0.052263996575695,Bryce McGowens,3
1631128,0.073526925968886,0.1210925432639905,0.0940266840752376,0.1758217098092246,0.0428763777737624,0.2105232480196779,0.2221778588623421,0.0599546522268787,Christian Braun,6
1631133,0.1275186097870853,0.1163967927783509,0.0796518783165781,0.1645648052616171,0.0973819816900727,0.1347067199877213,0.1467465914032589,0.1330326207753154,Jabari Walker,5
1631165,0.0339917447273686,0.0922734040748629,0.0611747742993384,0.1570480803663984,0.0277814425994684,0.3841293326045574,0.205354618617713,0.0382466027102927,Keon Ellis,2
1631170,0.0653463564708982,0.1471016091816119,0.0928873358628328,0.1971509922679584,0.0590690270567894,0.1793945055156943,0.1641660899950509,0.0948840836491636,Jaime Jaquez Jr.,6
1631200,0.084337628627051,0.1272558017366583,0.0796715181854701,0.2471841105033837,0.0480632551528073,0.2068307530669633,0.1494082383115478,0.0572486944161181,Kris Murray,6
1631204,0.0609028202488136,0.1490559172582505,0.1030439797790559,0.1912280430120845,0.0305056010156921,0.2332530792038583,0.1897881136150743,0.0422224458671703,Marcus Sasser,6
1631207,0.0812142605012354,0.1782492057889163,0.088789269325803,0.2199505824214613,0.0357783268619837,0.163113307447935,0.1851253088598658,0.0477797387927991,Dalen Terry,6
1631212,0.0776250545119764,0.1099736727343207,0.0738358664577713,0.1534960347584513,0.0548770048293573,0.2426598614184419,0.1561901377739731,0.1313423675157075,Peyton Watson,5
1631216,0.0481803155522163,0.2284898572501878,0.1397385424492862,0.2641803155522163,0.0307377911344853,0.0891840721262208,0.1634019534184823,0.0360871525169045,Caleb Houstan,3
1631218,0.1217289559989068,0.0889886239409674,0.0551252049740366,0.0750162271112325,0.3035409264826456,0.0832664320852692,0.0759642320306094,0.1963693973763323,Trayce Jackson-Davis,1
1631223,0.0747943630705805,0.1255227637603314,0.0603413077517689,0.1852496382772085,0.0584623312786157,0.2081263750421184,0.1504489326700097,0.1370542881493667,David Roddy,5
1631246,0.0284063553201733,0.0670733068262617,0.0429841818465884,0.1259075270942871,0.0536975451730877,0.4702592570154992,0.1280278802526568,0.0836439464714453,Vince Williams Jr.,2
1631260,0.0528695427912861,0.1822306756179531,0.0906277452268312,0.256675182746476,0.0416911806187993,0.1582620749683669,0.1906043730204143,0.0270392250098727,AJ Green,6
1631323,0.0493163368034736,0.1247326281502469,0.1028492706012276,0.179863518348611,0.0592526695353656,0.2355493707175187,0.1278867096320796,0.1205494962114768,Simone Fontecchio,5
1641705,0.0881758192595906,0.1146023934682921,0.0434783581254893,0.1242814002907952,0.2702270439548149,0.090696790068225,0.0863080192372217,0.1822301755955709,Victor Wembanyama,1
1641706,0.0482242069650505,0.1261367868893165,0.1104584393817121,0.1907939661059035,0.0403830933018809,0.2164415078527531,0.2135685020795828,0.0539934974238003,Brandon Miller,6
1641708,0.0588421712561401,0.1322794882570564,0.0745223939208134,0.1382112420858278,0.0489972511384695,0.2970355009610681,0.1886139261872119,0.0614980261934123,Amen Thompson,2
1641709,0.0416829468066324,0.0885581729196875,0.0601164066185642,0.1514848934772353,0.0526000468868031,0.378498059407316,0.1367676469481611,0.0902918269356001,Ausar Thompson,2
1641710,0.0292726655803217,0.0759170747441574,0.0764951554324923,0.2128216621076486,0.0441812827526694,0.3217060920488771,0.2038446554764767,0.0357614118573565,Anthony Black,6
1641711,0.0603284867476744,0.18243541842433,0.1988305375071676,0.1864091073443851,0.0359056394972991,0.1211719460484074,0.1701016431641958,0.0448172212665402,Gradey Dick,3
1641713,0.0604548407046258,0.0982026518761109,0.1121971520919794,0.1308085149415988,0.0501437178385148,0.2627605493560896,0.1555108692692755,0.129921703921805,GG Jackson,6
1641715,0.0823863483866812,0.188080067420676,0.1459797201183082,0.185052578465106,0.0518591680846838,0.1157209342272656,0.16318380186051,0.0677373814367689,Cam Whitmore,3
1641717,0.0406365624527185,0.0851299121081661,0.06911681773792,0.1674648914075072,0.0337647689916509,0.3419693822813364,0.2018568697302724,0.0600607952904281,Cason Wallace,2
1641718,0.0588260404477679,0.0816162032131216,0.0685362166722746,0.1934376585091477,0.0347728265727874,0.3512110726643598,0.163915408219123,0.0476845737014177,Keyonte George,2
1641722,0.0889874445624336,0.2158827326295625,0.097032918983072,0.1837841214316946,0.0343515106086159,0.1389843213192579,0.2017073729360568,0.0392695775293064,Jordan Hawkins,3
1641726,0.0987802709718715,0.0965684008392304,0.0407169019593897,0.090668895131752,0.2351054372177376,0.1030333202944418,0.0722449415027915,0.2628818320827851,Dereck Lively II,1
1641731,0.0445358758291463,0.0784454906304809,0.0938877240178818,0.1373554351122891,0.0521106143925307,0.3380543577165011,0.1887275652437657,0.0668829370574039,Bilal Coulibaly,2
1641733,0.0594419369777231,0.1360736527070272,0.0769980439455622,0.171254985174075,0.034027052993178,0.2615859938208033,0.2296324967687086,0.0309858376129224,Nick Smith Jr.,6
1641738,0.2400088964261388,0.1418562949165265,0.1438023881343916,0.1610253131124981,0.0429530574514519,0.0923560238535425,0.1247445752651552,0.0532534508402952,Kobe Brown,3
1641739,0.0614629227176884,0.0899011524129488,0.0401106575278935,0.1315028823805389,0.0822867065364517,0.3443487545635444,0.1532083672621968,0.097178556598737,Toumani Camara,2
1641748,0.0367105716036635,0.1182075368742707,0.0628352683405948,0.1461287262531375,0.0424358425466542,0.3088288379043157,0.1937609657407174,0.0910922507366459,Andre Jackson Jr.,2
1641764,0.0834667782899251,0.124812000798236,0.093950927949458,0.1760159257835125,0.0593785439978973,0.2119414172584484,0.1939932734007291,0.0564411325217933,Brandin Podziemski,6
1641767,0.082928021362325,0.1442016546265169,0.1118482225877977,0.199431371146556,0.0293672364876141,0.2305629068020885,0.1769663591064063,0.0246942278806952,Ben Sheppard,6
1641854,0.0504254423249568,0.1293249330653298,0.12208724944188,0.22652122444764,0.035600505287243,0.1878619834907721,0.2237167213531528,0.024461940589025,Craig Porter Jr.,6
1641871,0.1331441815856777,0.0970028772378516,0.0554787404092071,0.117511189258312,0.2936261189258312,0.1100143861892583,0.0735374040920716,0.1196851023017902,Duop Reath,1
