1,2,3,4,5,6,7,8,PLAYER_ID,PLAYER_NAME,Cluster
0.07952907919412691,0.16591179712934861,0.07866777335877988,0.1995082458991352,0.08507419560844448,0.11849212586107577,0.1482789526668274,0.1245378302822617,2544,LeBron James,3
0.08287932115134276,0.14943670346977805,0.11826816450508655,0.18922263471706605,0.0376291724924867,0.1436285617858348,0.2151037397746814,0.0638317021037237,101108,Chris Paul,5
0.02707055343372719,0.12969093379709107,0.12041391496904864,0.20798360444894284,0.051898741255612904,0.23226657868690198,0.14934658248941726,0.08132909091925805,200768,Kyle Lowry,5
0.07128464130989408,0.1529303940017355,0.05774662077617334,0.19433258907533255,0.05803587388564427,0.15948571447143053,0.1315419140755763,0.17464225240421333,201142,Kevin Durant,3
0.09086229086229086,0.12240203729565433,0.07672444480955119,0.13328130562173116,0.15398011993756675,0.11986910923081136,0.10723732851392426,0.19564336372847013,201143,Al Horford,1
0.05257353960612505,0.14665048450501142,0.0923748317616871,0.20982917012386182,0.027779851502360137,0.22381721267242427,0.20116289734636722,0.04581201248216301,201144,Mike Conley,5
0.10070632702649455,0.09627718957729829,0.07835997869344093,0.1300466263398688,0.14911672637854168,0.14022196764613598,0.1317650149218881,0.17350616941633162,201145,Jeff Green,1
0.08417264047116214,0.1033909396472233,0.08902406377346145,0.16786935958832805,0.052723162497397315,0.23730331062791876,0.18066569499390228,0.08485082840060681,201566,Russell Westbrook,5
0.11494152599463968,0.08570210002374826,0.06941758630549942,0.15558495814976905,0.2837091857258483,0.07707518501824738,0.053937605110235494,0.15963185367201244,201567,Kevin Love,1
0.14213282419767562,0.13172300696364486,0.11443668945629698,0.12110721161082812,0.1900781924627853,0.09114531756280353,0.0830963264594738,0.1262804312864918,201568,Danilo Gallinari,1
0.07693143889140064,0.1926658316101027,0.09997455301003302,0.18489091147165132,0.025713812774388965,0.16250250146381956,0.17855139921386096,0.07876955156474283,201569,Eric Gordon,6
0.06485511071099222,0.08875800929346926,0.0416353797156987,0.12510929685523817,0.2974766617603416,0.10581329806621746,0.07502693831375118,0.20132530528429132,201572,Brook Lopez,1
0.03727277245561064,0.06925237012462569,0.09546041922938334,0.18875883748959382,0.05051813471502591,0.31171642996483645,0.13206533219020639,0.11495570383071782,201587,Nicolas Batum,2
0.07240727794887297,0.1734823436053432,0.08279139191716893,0.19311693464583293,0.05422185274056719,0.1653239367430612,0.15670451754303094,0.10195174485612259,201935,James Harden,3
0.032658184798745105,0.1880697222535351,0.08311950339230134,0.2522530956779922,0.038544797293037135,0.18524774021716078,0.16460733944603556,0.055499616921192756,201939,Stephen Curry,6
0.10113595603254336,0.25048213221753807,0.1375633900686016,0.15140077231202845,0.04491596266608235,0.08656017985595314,0.16334264330020065,0.06459896354705234,201942,DeMar DeRozan,6
0.032238514368875905,0.08314709781601061,0.052134647780624196,0.14417719121619602,0.07065120961712901,0.3420260962310982,0.12831211810089613,0.14731312486916998,201950,Jrue Holiday,2
0.04695856806674749,0.09666910854245947,0.0625239055318211,0.20631041211516146,0.04793099647980915,0.3030184177941434,0.16345225052349066,0.07313634094636733,201976,Patrick Beverley,5
0.045427630361570624,0.09651012175715183,0.09088116650012952,0.20216128196587838,0.03665667443839976,0.20111764923577957,0.21558787609636948,0.11165759964472077,202330,Gordon Hayward,5
0.04852653463911665,0.10443107942648094,0.060140722862913186,0.201153429539167,0.05611263774546144,0.2523833146607063,0.16715810048288715,0.11009418064326736,202331,Paul George,2
0.04541193235084561,0.08011774852814339,0.06843039462006724,0.21872851589355133,0.02741215734803315,0.2867526655916801,0.20879114011074862,0.06435544555693053,202397,Ish Smith,5
0.05106778299738918,0.13614948275507005,0.10433222661300104,0.17196649177281953,0.028497095145151217,0.19899228194139035,0.24413365764586625,0.06486098112931238,202681,Kyrie Irving,5
0.1172871599665769,0.05024603100919134,0.09766966855445178,0.11010119766038436,0.20221892117723517,0.11140098412403676,0.09026088571163308,0.22081515179649056,202684,Tristan Thompson,1
0.0841263111235311,0.06332178597067709,0.0250685373715376,0.09133176905917101,0.31439983425760415,0.07115841407654024,0.05568029062736388,0.294913057513575,202685,Jonas Valančiūnas,1
0.07386104886420858,0.12912091770101292,0.06292944511428131,0.19723429823276753,0.06449826767483242,0.21232267991806816,0.16008209235188972,0.09995125014293942,202691,Klay Thompson,3
0.06028322221277976,0.10307171717952084,0.14419919807785905,0.22869459745517193,0.03128500683719744,0.18514898909911232,0.1953507057378379,0.05196656340052071,202692,Alec Burks,5
0.09935267494906147,0.1908917698960794,0.0791575758668566,0.13560167571238813,0.09803037679486948,0.11103698227519428,0.14774277694633273,0.13818616755921792,202694,Marcus Morris Sr.,4
0.045285570107588054,0.12056798388322351,0.06739548060024861,0.16383700857665015,0.057934278154675854,0.22378003873325877,0.1606300194445635,0.1605696204997915,202695,Kawhi Leonard,3
0.07361700457162028,0.059804002041348,0.06478960197282724,0.13684882961524872,0.3357981777757158,0.08061897097502918,0.046822527631358246,0.20170088541685255,202696,Nikola Vučević,1
0.05124726468481165,0.0979735730975773,0.06367403827196402,0.18614198067076468,0.09166648772841467,0.19852776113109796,0.12034801212615731,0.19042088228921236,202699,Tobias Harris,3
0.058701150026280804,0.14641851710179066,0.09192504877773588,0.15799032976226185,0.04152643354257079,0.21567327035111716,0.23319197650963308,0.054573273928609764,202704,Reggie Jackson,5
0.03988895544292941,0.11660562605126526,0.061852525578485994,0.17789452977360085,0.05976380928804612,0.27525744257135343,0.16097924324372112,0.10775786805059775,202710,Jimmy Butler,2
0.0694325190517976,0.19571692315434233,0.17393041022302316,0.18725330163013562,0.046906893872916716,0.11442715655655465,0.14691664386426753,0.06541615164696224,202711,Bojan Bogdanović,6
0.10669510098364043,0.2187474634178738,0.27519794564519584,0.1434506371894301,0.06546042193968285,0.0737103094076758,0.10068847450873324,0.01604964690776803,202722,Davis Bertans,6
0.06976825037025706,0.07047226027159138,0.03178648161925754,0.11678915859517867,0.2615753134147783,0.1310518777073961,0.0776688059296755,0.24088785209186547,203076,Anthony Davis,1
0.03307013959374135,0.1352279767475581,0.07412836297009083,0.17306196696676907,0.039228609467065634,0.27619524669469964,0.1724898830787077,0.09659781448136773,203078,Bradley Beal,2
0.033847944238792664,0.16821568734955636,0.07246940720997647,0.2404640164411375,0.02736062793260124,0.22096846364856718,0.19393326270624378,0.042740590473124854,203081,Damian Lillard,6
0.12700285068318098,0.05495990787940065,0.036978135400429706,0.1174607855527938,0.4068893850669138,0.06619412731179172,0.049528864922554094,0.1409859431829352,203083,Andre Drummond,1
0.05640943137856465,0.09417348229184595,0.059709366277808124,0.14048855498769072,0.08583010947403079,0.20774811245220334,0.15061284505271666,0.20502809808513983,203084,Harrison Barnes,3
0.04813512378047832,0.12462850296419625,0.05982074781769804,0.21342990959590458,0.04513202732350973,0.25693201798745857,0.13990072665598208,0.11202094387477243,203109,Jae Crowder,3
0.0422692303188562,0.10056909331491003,0.039063689270366166,0.1351538074216326,0.24567325144322538,0.1167051136430169,0.08719364395367628,0.23337217063431656,203110,Draymond Green,1
0.04537520762805111,0.10072861996304144,0.06296217024445094,0.21367526520621122,0.042689231678237564,0.22618871769518542,0.23823189830069064,0.07014888928413164,203114,Khris Middleton,5
0.05821400136159607,0.1314747931643262,0.12489182234633003,0.1735111870117582,0.03761697610283512,0.21940159006727208,0.19023689463785007,0.06465273530803226,203200,Justin Holiday,5
0.1759011765881442,0.072568759211611,0.03131323224501012,0.08688266593390123,0.3130948514900952,0.06980839849116934,0.06823461817091754,0.18219629786915142,203458,Alex Len,1
0.04232591972138338,0.10930852822536205,0.10632618423082857,0.20029757312584034,0.026364978949456653,0.2491502634073225,0.2157823968964225,0.05044415544338396,203468,CJ McCollum,5
0.024971289448298038,0.0807993017593826,0.05125086131655106,0.20558959988975148,0.04218292066700354,0.3443042859111581,0.19034774220221418,0.06055399880564106,203471,Dennis Schröder,5
0.09388155904357057,0.13880841157437557,0.0654225016280632,0.1269838014121846,0.2024849115718117,0.09687873364886139,0.09334570832286417,0.1821943727982689,203482,Kelly Olynyk,1
0.025939700138002012,0.08679507870792694,0.04587007539431931,0.14323361323571834,0.03418473557411176,0.4465222713415823,0.16667251420952914,0.05078201139881022,203484,Kentavious Caldwell-Pope,2
0.08423582448257588,0.07918286921279885,0.05911285928601817,0.07449563744112972,0.3300915801494242,0.09018442913547443,0.09224442271665385,0.19045237757592495,203486,Mason Plumlee,1
0.07947042234493475,0.12748028437779693,0.06935508384416637,0.12130807031764528,0.3507016566188763,0.08695982572572065,0.04149146359997974,0.12323319317088,203488,Mike Muscala,1
0.14154723276802017,0.14257189023028521,0.1951578366590912,0.15991224728400089,0.03227671006134808,0.13547810779921968,0.1477871339805315,0.04526884121750325,203493,Reggie Bullock Jr.,6
0.10225101025573693,0.061167884808963194,0.030398850423796808,0.10992275373101668,0.28663727077771456,0.08970669759435132,0.07196157381067005,0.24795395859775043,203497,Rudy Gobert,1
0.05153935511816708,0.1430080921972317,0.11317262697792857,0.1713362516872417,0.040719131406869724,0.22393225218603083,0.1864158719949596,0.06987641843157072,203501,Tim Hardaway Jr.,5
0.06433069147775358,0.12120954048745695,0.08235527900940173,0.18753093845310395,0.12013966881882975,0.10771993137207936,0.144959626982057,0.17175432339931762,203507,Giannis Antetokounmpo,3
0.04714418939480702,0.24923512377088072,0.17669867966819913,0.1876278202254544,0.025073215425140294,0.1285319284697567,0.13995189869275698,0.045737144353004695,203552,Seth Curry,6
0.09637768962544474,0.18014083964603447,0.12227334267524224,0.23568273455252156,0.031945180967391205,0.11709776712576321,0.16801215830684318,0.04847028710075929,203903,Jordan Clarkson,6
0.03451076072857684,0.10159215424017168,0.05621961660426167,0.23679482044630293,0.03395958801677035,0.287495360963009,0.20235754941263362,0.04707014958827399,203914,Gary Harris,5
0.03376796912791568,0.11553821157963466,0.07218670756335697,0.17766632899420606,0.03696971143104432,0.31526098755094917,0.17621079438350193,0.07239928936939126,203915,Spencer Dinwiddie,2
0.06379927779107814,0.1400501755645998,0.06547013406751258,0.15409783736333893,0.06142765940467641,0.21697939111004708,0.15123244354002077,0.14694308115872637,203924,Jerami Grant,3
0.0884901232701021,0.269547636249587,0.16097921602231297,0.17364226467507884,0.043953828317959576,0.0749645759474884,0.11993772087526815,0.06848463464220307,203926,Doug McDermott,6
0.04617849965775227,0.12045723499747554,0.05623639240948396,0.1530895092586495,0.06249264117469802,0.20391778870043645,0.12533850596389137,0.23228942783761294,203932,Aaron Gordon,3
0.09506620106905955,0.12414074729463008,0.10756822976927788,0.16245831348261075,0.05688213644383249,0.1679240245224047,0.14960028061504954,0.13636006680313492,203937,Kyle Anderson,4
0.11562256026875486,0.07909460834181078,0.043164020913671955,0.08206368733587262,0.2787977004424046,0.09850008280299984,0.07034706285930588,0.23241027703517947,203939,Dwight Powell,1
0.0525512691811272,0.11693101964721067,0.1154797074429944,0.14622687508963142,0.0639753334289402,0.13808117022802235,0.1049161049763373,0.26183852000573643,203944,Julius Randle,3
0.041206946515786574,0.08296991586620583,0.04834335823655944,0.14117325530165417,0.05457976689449467,0.3945288295483729,0.14630704240616527,0.09089088523076126,203952,Andrew Wiggins,2
0.04162261444249578,0.10924122376042224,0.04924727705428478,0.1435335481008827,0.03707435186221708,0.314099613998864,0.23625259648991875,0.06892877429091467,203957,Danté Exum,2
0.12277278831810247,0.10935592953415021,0.058418236778903995,0.127116753356402,0.23579899646970814,0.09472293552296002,0.08189227141688503,0.1699220886028881,203967,Dario Šarić,1
0.04262710221794849,0.05777842666874759,0.05538452244002024,0.12894358592253416,0.3409538865072912,0.08947311451722931,0.06817214965551442,0.21666721207071457,203991,Clint Capela,1
0.04862479209580524,0.1498126289754369,0.13484539785706667,0.2332418461331223,0.04130581607892221,0.15731869538129958,0.177096020400336,0.05775480307801108,203992,Bogdan Bogdanović,6
0.05068546949950171,0.07044024871680202,0.04196131223311638,0.08119618343658698,0.27582230233302535,0.09174780533982897,0.08097597962320177,0.3071706988179369,203994,Jusuf Nurkić,1
0.07962426719478614,0.13424833713379464,0.14535778252945028,0.19563039001412352,0.04132114029619928,0.18267463053992852,0.19357892992685757,0.027564522364860067,203995,Vasilije Micić,6
0.08175461034226589,0.049730851502077865,0.03449203068792736,0.09273600694977102,0.31095743782350826,0.07904502700103248,0.07552187919601906,0.27576215649739816,203999,Nikola Jokić,1
0.05909856427708032,0.10374714116347761,0.06421185971482653,0.14885950901928502,0.23901177739192947,0.0977671363516463,0.10855897247110727,0.1787450396106475,204001,Kristaps Porziņģis,1
0.10316386554621848,0.21795378151260503,0.2059201680672269,0.16708403361344537,0.03904621848739496,0.06584453781512604,0.15790756302521006,0.04307983193277311,204060,Joe Ingles,6
0.03732194043495522,0.11052714008384416,0.06184143911828874,0.18242113659458692,0.03322807285918771,0.3021449098001508,0.23851877752160755,0.03399658358737894,204456,T.J. McConnell,2
0.024185495312806154,0.13284435117008694,0.08139735269746767,0.19679368084589036,0.02612363993474992,0.29316975172390997,0.21087060700989846,0.0346151213051905,1626145,Tyus Jones,5
0.05503981015175724,0.10058046639564752,0.11675397258796325,0.1866863526350208,0.06461986529943571,0.21038367412980602,0.2336832311955181,0.032252627604851376,1626153,Delon Wright,5
0.051864033416162324,0.1349280454898852,0.10399103617543486,0.22749897098952696,0.02964121834840008,0.17068234827812248,0.2301057975212281,0.05128854978124,1626156,D'Angelo Russell,5
0.06294093579545325,0.18672959856052335,0.11839062531788065,0.14471170908466194,0.11988254521534507,0.08806396267487673,0.10056896399726029,0.17871165935399866,1626157,Karl-Anthony Towns,4
0.04047051025666053,0.1017857507666675,0.06400964264555332,0.19178150600508917,0.0556880940112543,0.2622944865767927,0.19496621215182172,0.08900379758616071,1626162,Kelly Oubre Jr.,2
0.046325087340973514,0.1814112041283324,0.09174427692974113,0.1877393048506022,0.032290263953367926,0.22837663499477368,0.15538312318137731,0.0767301046208319,1626164,Devin Booker,6
0.03729510027245522,0.16483168818020755,0.11553664746080665,0.21804606428752216,0.03922685247219617,0.1758006163741123,0.22532642517903137,0.02393660577366862,1626166,Cameron Payne,6
0.034362147656351975,0.05318035702828926,0.04443938063180158,0.16119811773659373,0.31366632080334683,0.08546068772966911,0.07817100986927251,0.229521978544675,1626167,Myles Turner,1
0.1560294525698614,0.13114918908919818,0.10921659542125942,0.168451488110797,0.07682841988008253,0.08849443642403015,0.1413755524367538,0.1284548660680176,1626168,Trey Lyles,4
0.10745890089243777,0.10485204321277596,0.0877336777829967,0.157003287928605,0.20809065288868017,0.10208783466416159,0.11401127289807421,0.11876232973226868,1626171,Bobby Portis,1
0.05085439915125654,0.06530566076004665,0.02771287819985256,0.1080977771190308,0.24995806988871944,0.10328459039156873,0.07192086715370603,0.32286575733581924,1626172,Kevon Looney,1
0.1355029488229442,0.10949394570648081,0.08596931905000083,0.14101584614454452,0.1305341959029774,0.1079879298878183,0.12697252345592155,0.16252329102931234,1626174,Christian Wood,4
0.03191605130198213,0.0831092110376992,0.05219921159291544,0.1649081117095109,0.039569152184775976,0.38364777080672924,0.19289545277885736,0.05175503858752984,1626179,Terry Rozier,2
0.08083068669881024,0.1451538966061173,0.11416535216499013,0.22126883302811817,0.030664130912612865,0.15464651854916628,0.18942223831229738,0.06384834372788757,1626181,Norman Powell,6
0.05626644427409324,0.12156337486346164,0.10938794306525482,0.22277726766013248,0.039957655555461956,0.21163236710499345,0.1840438944533832,0.05437105302321925,1626192,Pat Connaughton,5
0.04177807063116946,0.10829521311420015,0.0819468555571043,0.15621475727663242,0.049283846741935616,0.3392298237388649,0.17107425100633156,0.05217718193376164,1626196,Josh Richardson,2
0.11878832250388945,0.07839525944907111,0.055725877795064216,0.10131249809340777,0.2779773344315305,0.0920426466550746,0.08766892407187091,0.1880891370000915,1626204,Larry Nance Jr.,1
0.05833267788320594,0.11645799518065397,0.09754766314153672,0.19777909662288262,0.07716435590703573,0.17490269544926934,0.13748960217752448,0.1403259136378912,1626220,Royce O'Neale,3
0.08985740587520591,0.1829945511602078,0.09849281066213467,0.2081404622941777,0.05250191939295005,0.1547962461891664,0.14840075434006425,0.06481585008609315,1626224,Cedi Osman,6
0.0642069458250497,0.05950080765407555,0.05288581013916501,0.089362263916501,0.3249456386679921,0.08270377733598411,0.06159449552683897,0.2648002609343937,1627734,Domantas Sabonis,1
0.018988669127144506,0.08131140986164222,0.032267801387301814,0.1813429661759431,0.035982038381102276,0.42763705926511025,0.14905164455437978,0.07341841124737603,1627736,Malik Beasley,2
0.03267964177159422,0.07307474445312415,0.05676269034123515,0.14855224040843074,0.03380882391052435,0.43826705712921177,0.14962588899954465,0.06722891298633506,1627739,Kris Dunn,2
0.0409973281892662,0.0837285617676079,0.10965288633163713,0.24332767929402116,0.04433210274830656,0.21273821797984502,0.17991596545492847,0.08530725823438766,1627741,Buddy Hield,5
0.05503043369660957,0.17982392715194062,0.06866753432281192,0.20329008198912363,0.04600549515558652,0.19013063045297787,0.15928282522863615,0.09776907200231376,1627742,Brandon Ingram,6
0.05309925194508331,0.10901600565842416,0.07287328970850684,0.16417627302833426,0.03225723346152225,0.31881098146491355,0.17283722193857237,0.07692974279464324,1627747,Caris LeVert,2
0.031750595052631246,0.08552215266111392,0.058138489064201444,0.16095812307069643,0.04221099393865417,0.388758082597481,0.17172207107225113,0.06093949254297067,1627749,Dejounte Murray,2
0.044412052280268635,0.1333234103816316,0.07892339395743567,0.19448044365859227,0.04230513589738984,0.21301155596159815,0.22281731418203654,0.07072669368104725,1627750,Jamal Murray,5
0.0620482876075165,0.03071286476893793,0.03220485738411118,0.14034390966467736,0.3725544917206932,0.09974883002017947,0.067132511842915,0.19525424699096933,1627751,Jakob Pöltl,1
0.037577967855746235,0.07918531017541283,0.0553180181094996,0.1840354671373725,0.036113133600229885,0.3610405940572668,0.14818375675973477,0.09854575230473737,1627752,Taurean Prince,2
0.032472791650071366,0.10507349255927141,0.07037296068391052,0.17501195814363874,0.05821281493748416,0.31179978160904204,0.1342094380720614,0.1128467623445203,1627759,Jaylen Brown,2
0.11825264543152601,0.15874893427450015,0.14086266798778224,0.12725722581091148,0.0749861103643565,0.08615414551217551,0.1440118388341411,0.14972643178460696,1627777,Georges Niang,4
0.05321539721539722,0.06658804258804259,0.05047010647010647,0.1108009828009828,0.047043407043407044,0.40522850122850124,0.19546601146601145,0.07118755118755118,1627780,Gary Payton II,2
0.04475078425125708,0.12087667575235023,0.0742514424997598,0.18931934913466872,0.10133655630679606,0.1572615513762535,0.15448021967463477,0.15772342100427986,1627783,Pascal Siakam,3
0.06678957014418632,0.07327714373759928,0.03843076407397997,0.0842438462661311,0.23699376652303902,0.1079910687736864,0.08694700193005316,0.30532683855132486,1627826,Ivica Zubac,1
0.03879189369671044,0.0782176972137002,0.048915094796132666,0.17030640587648918,0.06474106477493781,0.19895574244873074,0.1468444840167623,0.25322761717653663,1627827,Dorian Finney-Smith,3
0.04503212332277424,0.10699961343564754,0.07402794807793558,0.20691687816925922,0.03682506476264774,0.29912734409299935,0.17509616006912682,0.05597486806960958,1627832,Fred VanVleet,5
0.0338635289307935,0.07215770444469995,0.04119683671253177,0.11836520894816857,0.044201704291390385,0.4686954633142974,0.1267819043603797,0.09473764899773868,1627884,Derrick Jones Jr.,2
0.024421648722865424,0.0500604295408636,0.03587550233390417,0.14059797486301923,0.03709904038743236,0.4427841149314349,0.13294071926100862,0.13622056995947163,1627936,Alex Caruso,2
0.03233108923638119,0.08815277740525172,0.06818120859372905,0.15456910656331305,0.033945766166885716,0.314014430169246,0.25871845076844674,0.050087171096746506,1628365,Markelle Fultz,2
0.037644300327651106,0.1200009487312414,0.07279818114667723,0.19347848921326463,0.03467782103540462,0.30268253758500463,0.18883648278222215,0.04988123917853428,1628368,De'Aaron Fox,2
0.04834462261542715,0.12641173624550733,0.07767314072435721,0.18818426873099253,0.09014549350290296,0.19608273431020182,0.17408072988664638,0.09907727398396461,1628369,Jayson Tatum,3
0.07968024032892476,0.17497422319530545,0.13681182296108657,0.1994831909774819,0.024249290342290508,0.13572474191372091,0.20736516503519647,0.04171132524599346,1628370,Malik Monk,6
0.06752841428949027,0.07881280117113637,0.07496492690563812,0.17384563772035053,0.08944655673708396,0.1807789276782628,0.11266596181607468,0.2219567736819633,1628371,Jonathan Isaac,3
0.019843066901224463,0.09299287617786912,0.07373330082037169,0.17650619197742673,0.04651821016146169,0.3337571630118614,0.18530646369289183,0.07134272725689304,1628372,Dennis Smith Jr.,2
0.07057366265486635,0.10605155244618948,0.10132509944016023,0.17970779595468966,0.09900931698522566,0.11754583479726004,0.12647813855200765,0.19930859916960095,1628374,Lauri Markkanen,3
0.03611449336022221,0.15307398881321105,0.12895960960389635,0.20033008637418667,0.038150184543967125,0.17715745215174458,0.20820649899166696,0.05800768616110498,1628378,Donovan Mitchell,6
0.10213878904825291,0.0672248736708553,0.06028573298959753,0.11007858748273787,0.2646568305022928,0.09304558448076462,0.05801944580393966,0.24455015602155936,1628380,Zach Collins,1
0.1024645492909858,0.08711424228484568,0.05310356207124142,0.10848216964339284,0.1904738094761895,0.1387502750055001,0.11084971699433989,0.20876167523350467,1628381,John Collins,1
0.02295205778455061,0.07085142225090857,0.04525331626435842,0.11802232000578489,0.05445556486969284,0.3911732331334513,0.12169411361402512,0.1755979720772282,1628384,OG Anunoby,2
0.057914819132149166,0.05873004569016893,0.036003028519810944,0.1300314471302151,0.33298725248035027,0.11015116361878133,0.06075218237086625,0.21343006105765808,1628386,Jarrett Allen,1
0.06646750885198133,0.07449029340953285,0.044806743506194034,0.1162155497452173,0.30344460193849454,0.09247285110035634,0.07856380485546,0.2235386465927637,1628389,Bam Adebayo,1
0.07201585966114332,0.06679647943735484,0.04859666181338196,0.15914575471935755,0.2972326201187963,0.07161533772312095,0.06478127471774539,0.21981601180909965,1628392,Isaiah Hartenstein,1
0.04174360236893576,0.10058207354173872,0.09264133210626993,0.1713785510100803,0.08666623680369526,0.18668558063740864,0.13116291611224112,0.1891397074196303,1628398,Kyle Kuzma,3
0.034922272861906536,0.10794278671138247,0.05454371733501495,0.2241885707187969,0.04444253351296089,0.31948863473500155,0.1473595704226025,0.0671119137023342,1628401,Derrick White,5
0.050029178035988026,0.1287081536103135,0.10848697160539873,0.16418400543942838,0.04814286708556928,0.20969817240203945,0.16957524988712475,0.12117540193413795,1628404,Josh Hart,5
0.0334624201996402,0.07382229793195676,0.03797581710792352,0.14515705347619123,0.04927920971773359,0.35581408307197554,0.127495502523363,0.17699361597121613,1628415,Dillon Brooks,2
0.17939288710275267,0.243479193897657,0.10862482685967342,0.1270898768996664,0.05517079927427378,0.08540939152148891,0.157133381454964,0.043699642989523786,1628426,Sasha Vezenkov,4
0.15843441899906913,0.11254989302545458,0.05542694783833441,0.08556988922408121,0.24944806982830464,0.07929274961133394,0.15095838470873194,0.10831964676469012,1628436,Luke Kornet,1
0.12696874398305627,0.20413965727488606,0.12943328412810476,0.12999165650471728,0.10697644567100957,0.09573198125922598,0.13106347474488156,0.07569475643411848,1628449,Chris Boucher,4
0.14555020174318323,0.06720363086848787,0.07444908592275246,0.08597872156387856,0.24680848898680655,0.10811704666296931,0.08892473172990327,0.18296809252201873,1628464,Daniel Theis,1
0.07844067001960618,0.06084306538232036,0.10221315318387181,0.1562153695337141,0.16039233654419915,0.1376960617168187,0.13679034182934105,0.16740900179012871,1628467,Maxi Kleber,3
0.058448926760867215,0.09544601445367273,0.05764642433394456,0.22033437601121775,0.03948225649875957,0.2263056843921907,0.14536080250242692,0.1569755150469205,1628470,Torrey Craig,3
0.036179053647611904,0.09581239530988275,0.06560426441600267,0.1727144007329465,0.025608706516005438,0.33314084233321306,0.1976734501235459,0.0732668869207918,1628960,Grayson Allen,2
0.060097711861755145,0.05581108444074933,0.0377080176471377,0.07015050129850392,0.3619764079045588,0.08607673018384669,0.10075585891229623,0.2274236877511521,1628963,Marvin Bagley III,1
0.05629706956975617,0.06493990686071813,0.046047681347062455,0.09710481897492561,0.4168897987405183,0.08214423709166829,0.0675903769632798,0.1689861104520712,1628964,Mo Bamba,1
0.08071005745878744,0.11747210281794103,0.06574472088344695,0.1834990520023736,0.050757674438799874,0.17623348240776923,0.14426208154226913,0.18132082844861272,1628966,Keita Bates-Diop,3
0.03321895037205091,0.09502918603213636,0.0692278648922272,0.15068145291977264,0.04691984616772529,0.3532345207108895,0.16720572560786134,0.08448245329733667,1628969,Mikal Bridges,2
0.05318748239932413,0.11922345818079413,0.07500704027034638,0.1586612925936356,0.07218037172627428,0.1883641931850183,0.1612609124190369,0.17211524922557025,1628970,Miles Bridges,3
0.03791446292273829,0.08821660436987623,0.07166104102889975,0.17330910725115312,0.049432322007156686,0.30934645149910966,0.18020242631300454,0.08991758460806178,1628971,Bruce Brown,2
0.07329534050615205,0.16365096066708432,0.09065972496761285,0.17529817476295032,0.04343224849011964,0.21817087040877772,0.15212538849389054,0.08336729170341267,1628972,Troy Brown Jr.,3
0.040200552578848414,0.17268353827005747,0.12269898576182615,0.21278699232921694,0.031016798043906186,0.18135531879209443,0.195770035396824,0.043487778827226424,1628973,Jalen Brunson,6
0.06168039666976463,0.11222270340760349,0.08991246210665123,0.21106412795422144,0.03941394864508469,0.20764338648539496,0.24261475054863244,0.035448224182647155,1628975,Jevon Carter,5
0.05849793140264247,0.04086814360069398,0.02789937274789804,0.11960162818630724,0.3070365674629654,0.08843587348191646,0.08680101427999466,0.2708594688375817,1628976,Wendell Carter Jr.,1
0.026811900307766583,0.10393458451511677,0.09525476233580754,0.22296783537505283,0.031100516967392838,0.2988956610946835,0.156472150141814,0.06456258926236598,1628978,Donte DiVincenzo,5
0.09807378613820152,0.053059382917433104,0.07058619373199597,0.1016207961683962,0.43675424287647935,0.05904279318363238,0.07149550550098914,0.10936729948287231,1628981,Bruno Fernando,1
0.04068797129218245,0.1534152313628034,0.09562369369510473,0.1959774945746471,0.04711486085514351,0.1691317869119779,0.22152494618154353,0.07652401512659736,1628983,Shai Gilgeous-Alexander,5
0.0697895816994994,0.11194347227261908,0.09322705121752327,0.2099579007331281,0.03698024572862165,0.2684989016734361,0.16458901517368388,0.04501383150148849,1628988,Aaron Holiday,5
0.03896221068747057,0.16840392808104274,0.13085990915678208,0.2565263606041553,0.029717179292708576,0.16394071225368434,0.15664111289990612,0.05494858702425024,1628989,Kevin Huerter,6
0.08417945640241428,0.11396711760007176,0.04653427706134374,0.11931082795473864,0.21368647669655327,0.10275216033693993,0.11151951885249053,0.2080501650954478,1628991,Jaren Jackson Jr.,1
0.03188698946264004,0.09498252180360864,0.058495210520209645,0.16176537349871625,0.058000877692978965,0.38773096188088596,0.14347505889118123,0.06366300624977932,1628997,Caleb Martin,2
0.11057920972494178,0.14792486395335191,0.11148103994613726,0.14463256595405607,0.10942412581149277,0.111691055203128,0.12903584466283285,0.13523129474405937,1629002,Chimezie Metu,4
0.0885088618719789,0.16601362238171963,0.11138677310678191,0.186007763292808,0.0309982422733265,0.1382928079683609,0.24247473267906838,0.03631719642595576,1629003,Shake Milton,5
0.06398494123226964,0.08762048743373499,0.039282238262510684,0.10722949305112964,0.03385258414975766,0.40889890171782595,0.1648559585389833,0.09427539561378805,1629006,Josh Okogie,2
0.06330368374099968,0.22693136050943052,0.13613492741884312,0.1902675182059446,0.03248888606867308,0.13701769643943607,0.15247268641730152,0.06138324119937143,1629008,Michael Porter Jr.,6
0.05813142095190721,0.1143698053765001,0.1010747933665421,0.18150581613594857,0.038378897478945156,0.2794416693726495,0.1701867473625303,0.056910849954977055,1629012,Collin Sexton,5
0.07323807217243886,0.07409178977960766,0.11204286752240253,0.21049285541293294,0.04426616614192299,0.2732077984984258,0.15513441511261808,0.05752603535965125,1629013,Landry Shamet,5
0.06117582289350931,0.15035141838984853,0.10585039061448101,0.23605621497410367,0.04099432404695153,0.19474173964819264,0.14722470730094522,0.06360538213196816,1629014,Anfernee Simons,6
0.05236169126096711,0.14832278423289494,0.1207111978549149,0.19646863542673695,0.022983054557393794,0.21889307407474964,0.20455830582054976,0.03570125677179286,1629018,Gary Trent Jr.,6
0.09651954883555876,0.06328061398442773,0.08521956344760884,0.14714334421119282,0.326530612244898,0.06928547075154644,0.06530890569661209,0.14671194082815533,1629021,Moritz Wagner,1
0.05918997107039537,0.16544840887174542,0.14700096432015428,0.22605593056894888,0.03784474445515911,0.14549662487946,0.1824927675988428,0.036470588235294116,1629022,Lonnie Walker IV,6
0.07731442768468788,0.07483396584440227,0.05815416653266008,0.18129482520181392,0.10410301354002509,0.1331710513620429,0.17105136204290353,0.20007718779146433,1629023,P.J. Washington,3
0.08203210811665773,0.08813036563183746,0.11230811138546434,0.1696176726448336,0.07830197797949087,0.14914369568464803,0.13528641599957822,0.1851796525574897,1629026,Kenrich Williams,3
0.03590694577619817,0.12391131575183978,0.10009447962358192,0.24212337679083432,0.028440007783433013,0.19074334129650425,0.23847782307694113,0.040302709900667456,1629027,Trae Young,5
0.07900086150578718,0.0711640218525758,0.04716158569119572,0.12226094515773883,0.27260541733578686,0.1109156166793767,0.07018539292211831,0.22670615885542061,1629028,Deandre Ayton,1
0.06551447808075099,0.20652282793013887,0.10466468235512975,0.16130878701802337,0.05202020563382297,0.13143321193735108,0.19120761574951883,0.08732819129526413,1629029,Luka Dončić,6
0.050104072156695316,0.04669904467097188,0.019464161818861077,0.15536105032822758,0.41948017291989115,0.07949511661418585,0.04242941772962588,0.18696696376154137,1629048,Goga Bitadze,1
0.13684696761104267,0.18988660242011451,0.11433048329831173,0.10354322150568801,0.06559307296572713,0.1132979494239548,0.17228823998260998,0.10421346279255127,1629052,Oshae Brissett,4
0.07236354531797697,0.11560590886329493,0.08426389584376565,0.18480971457185777,0.05864546820230345,0.1348647971957937,0.14912618928392588,0.2003204807210816,1629060,Rui Hachimura,3
0.14690684802810286,0.1595082000694402,0.08791672623545671,0.043515852106012026,0.24645140207912097,0.07317770561444356,0.0857858655174996,0.15673740034992412,1629111,Jock Landale,1
0.061848934525942666,0.2109226632341361,0.16696043082158887,0.20373336453815644,0.037628628474888653,0.12220101269402453,0.14731114377866028,0.04939382193260246,1629130,Duncan Robinson,6
0.08041148951154485,0.11560776028304576,0.13522645337625971,0.18517866425205828,0.03414826366182068,0.15460200882002784,0.2746784714187501,0.02014688867649278,1629162,Jordan McLaughlin,5
0.09376807283662981,0.08982303078372082,0.07600092532923544,0.09195459277251773,0.22195095755052133,0.09064095573291032,0.1100356912705101,0.22582577372395446,1629234,Drew Eubanks,1
0.04882518715745431,0.08724217223672609,0.06379432562803646,0.1716454295544529,0.06512560728919933,0.320558792510244,0.15431456283822334,0.08849392278566365,1629312,Haywood Highsmith,2
0.05435750028019331,0.09019257520717823,0.09395375821625648,0.19854826906468181,0.038969943499845075,0.2952380324496806,0.15467988739525715,0.07406003388690739,1629599,Amir Coffey,5
0.045448920086927684,0.07126733232016712,0.06116619721098774,0.16886791051795233,0.0451741771324756,0.36048008237338314,0.16349433435475008,0.08410104600335633,1629611,Terance Mann,2
0.015373510987476751,0.04153956387277603,0.055105976070429434,0.16042348280095042,0.033958178570864084,0.4885093805813273,0.15946197980053423,0.04562792731564167,1629614,Andrew Nembhard,2
0.030117246934574418,0.1354686215958927,0.09075246332473577,0.21872330211630311,0.03900433675337461,0.215137140671912,0.20951888887984832,0.061277999723359074,1629622,Max Strus,5
0.1966034513656824,0.14939753955787943,0.11866836740072317,0.13579869493258556,0.08060214418992,0.09252485215209623,0.15334015032521267,0.07306480007590052,1629626,Bol Bol,4
0.08566358267553485,0.15830855372688044,0.09232094491058634,0.14929471303973296,0.079002079002079,0.13587438189031814,0.16335696714182768,0.13617877761304056,1629627,Zion Williamson,4
0.040459627895154573,0.11316610436104575,0.06580534394160654,0.17525231816187206,0.0482791529687099,0.29297201900089437,0.14310138526207758,0.12096404840863911,1629628,RJ Barrett,2
0.03983980497997562,0.04137708017213502,0.03865077983134748,0.09423148677893585,0.03334245416780677,0.5731001716375215,0.10747991343498918,0.07197830899728863,1629629,Cam Reddish,2
0.038526173821361864,0.09106916354022274,0.07729051041761441,0.17034793173023915,0.05057613983633668,0.25432573174843587,0.16419851536283697,0.15366583354295224,1629631,De'Andre Hunter,2
0.04108820842765797,0.12392072759045235,0.09933833750347512,0.228023352793995,0.034852853568449894,0.23776321537789427,0.18330990110806625,0.05170340363000913,1629632,Coby White,5
0.03409265853210371,0.11969676653605676,0.08361019651077903,0.21035393791312207,0.036280250095598494,0.2630895447525116,0.2168372541132184,0.03603939154660985,1629636,Darius Garland,5
0.1484068412939509,0.058746139208700116,0.05906798945234639,0.10682604841305243,0.2711729465107481,0.08734563892919858,0.0991524610250648,0.16928193516693862,1629637,Jaxson Hayes,1
0.05175038051750381,0.08686304171218871,0.06641547842489098,0.15264121167978636,0.026426123577144675,0.3663566499519101,0.19655246472626084,0.0529946494103146,1629638,Nickeil Alexander-Walker,2
0.03199082982466168,0.1716994671899509,0.11466847021915703,0.23767202016930533,0.028329745279963424,0.22682212781090644,0.14028653622663798,0.04853080327941727,1629639,Tyler Herro,6
0.05499075681530068,0.11993623215817667,0.06510759697463021,0.211395349360858,0.050791356215000305,0.209571481003623,0.13348239516697402,0.15472483230543718,1629640,Keldon Johnson,3
0.10332115082231949,0.12917003102290595,0.08495176575581148,0.17332455059283497,0.03984106072840083,0.12931877098295863,0.19137520717351578,0.14869746292125283,1629642,Nassir Little,4
0.06597818519378046,0.14093757252262706,0.06514272453005338,0.19382687398468323,0.048770016245068465,0.22849849152935717,0.21205616152239498,0.04478997447203528,1629643,Chuma Okeke,5
0.058237877992837125,0.09017522232177023,0.05705323119860134,0.1117280032629343,0.29308207517122387,0.12056129802459574,0.09843337908468276,0.17072891294335463,1629651,Nic Claxton,1
0.014823909630833732,0.052897243310026265,0.03840382135987995,0.10967771686812966,0.04419119865191769,0.5128400228267073,0.09201199747138496,0.13515408988112051,1629652,Luguentz Dort,2
0.09265154563559776,0.0602846271781263,0.02827170995329221,0.12376799930727818,0.35261578896432993,0.09288584860971746,0.08292287866671422,0.166599601684944,1629655,Daniel Gafford,1
0.03821374282904057,0.10113464696996081,0.06871414520281051,0.15864821237805252,0.0380631467981872,0.36168931097609763,0.1589964656994009,0.07454032914644994,1629656,Quentin Grimes,2
0.08521681300781665,0.15106069222094784,0.07678332192804065,0.16450608657099072,0.07147745125442156,0.22290439794511968,0.1619278478694592,0.06612338920320376,1629659,Talen Horton-Tucker,3
0.05774101264538917,0.17958302135009444,0.08918892312832431,0.23677215926209877,0.04142043607053258,0.1398838378263892,0.17362874044287202,0.08178186927429965,1629661,Cameron Johnson,6
0.09005400245210442,0.11518339307608076,0.12353177908598278,0.16656527558097092,0.08219229365354198,0.1873052121257499,0.15948973766226476,0.07567830636330454,1629667,Jalen McDaniels,4
0.06653513246890139,0.2132475658290371,0.16673986634864219,0.14709081940850152,0.06399454042987358,0.11046169854794353,0.17924687662587754,0.05268350034122314,1629670,Jordan Nwora,6
0.050585980702863645,0.17760295035949678,0.13905957291040671,0.19397948137722595,0.0300654004185157,0.19727397118153364,0.17038365244013445,0.041048990609823185,1629673,Jordan Poole,6
0.11236735861805294,0.17801657701676218,0.12335618464113188,0.14833231941174915,0.10975600958937379,0.07832844807479133,0.12267088586288735,0.12717221678525142,1629675,Naz Reid,4
0.3083936231512901,0.06704654587361547,0.05570138933350407,0.16613099430181189,0.052320891222229333,0.11515461937383956,0.14714130226006789,0.08811063448364172,1629677,Luka Samanic,4
0.05572966854085002,0.11269112148512658,0.06135845549828018,0.16961827157259887,0.04208648685732817,0.3045750655652331,0.19165006096553186,0.062290869515051146,1629680,Matisse Thybulle,2
0.053662939420123706,0.10672273221145208,0.06342236519031201,0.1328911683934056,0.15796452984506404,0.17782986987432306,0.10166870567300042,0.20583768939231908,1629684,Grant Williams,1
0.0505542596453564,0.10287554445430713,0.06602811551720579,0.2129513035939145,0.046574324463802816,0.24242098961666286,0.21847532151187996,0.06012014119687055,1629723,John Konchar,5
0.06815902631360099,0.14855272748619258,0.1757126294522525,0.2456229606836938,0.039360333432802236,0.11979316991082042,0.1517177953125688,0.05108135740806872,1629726,Garrison Mathews,6
0.043496758508914095,0.08824554294975688,0.05498784440842787,0.1969124797406807,0.07286871961102107,0.23510940032414912,0.1263776337115073,0.18200162074554294,1629731,Dean Wade,3
0.0527975295193456,0.13595805246440104,0.08724800914104493,0.15391867334922357,0.03294973591241386,0.2384483542621288,0.19985375660635374,0.09882588874508844,1630162,Anthony Edwards,5
0.1249361913258369,0.043456688818811984,0.051485847593876276,0.09112594281788647,0.4371764840585656,0.05824598899866896,0.04661969076050398,0.14695316562584979,1630164,James Wiseman,1
0.044724310474026446,0.10550412144359302,0.10717687157049964,0.16381348352631195,0.0361430056322367,0.30696415190118204,0.16712997655249098,0.06854407889965916,1630165,Killian Hayes,5
0.056052047045287476,0.09741642430247052,0.06056641311643069,0.1462175205343731,0.06851449391159832,0.2977903576336732,0.14375259675924446,0.12969014669692222,1630166,Deni Avdija,2
0.09512289732608549,0.10665779031184312,0.10787392081522679,0.1674564525682894,0.07019484297763263,0.1294523743375496,0.14240783355786318,0.18083388810550982,1630167,Obi Toppin,3
0.10416440286736936,0.06445324719371208,0.06511180698929513,0.12845538092744976,0.28655912385204796,0.1015729700717501,0.07207607682758577,0.1776069912707899,1630168,Onyeka Okongwu,1
0.03389844168718492,0.21241129464483607,0.16910333544224732,0.2247262777399427,0.018633665520868176,0.14670586291521764,0.15463242435110597,0.039888697698597236,1630169,Tyrese Haliburton,6
0.054497511331777146,0.17221007735661856,0.09014577955628013,0.21516584946130318,0.031860716917591944,0.23339755702940704,0.1461047916640936,0.05661771668292844,1630170,Devin Vassell,6
0.023924551090310345,0.06618764094773494,0.04937298898838449,0.14051132771586824,0.03189782881514262,0.480946696987139,0.13249558874871437,0.07466337670670604,1630171,Isaac Okoro,2
0.050418800732207905,0.08289111180962595,0.06745187951851783,0.146423090435072,0.0513543997189505,0.18029695098274875,0.19710075254701107,0.224063014255866,1630172,Patrick Williams,3
0.07965193910718694,0.09024186425506227,0.07696654107053111,0.12115219337244956,0.21628903566553564,0.11911807127159399,0.1073564442118223,0.18922391104581832,1630173,Precious Achiuwa,1
0.030793061810874416,0.06030151861024687,0.062394785781648,0.16936073824024536,0.044897275667862405,0.3112203527265356,0.17394829850430552,0.14708396865828186,1630174,Aaron Nesmith,2
0.04201749953458685,0.11939842025478047,0.08381957926650888,0.2327517885162629,0.03790058775032579,0.2356825616339991,0.21539586713119332,0.03303369591234276,1630175,Cole Anthony,5
0.0390627852797476,0.18212076507920277,0.10338903211200128,0.20303154235468535,0.0349584084950375,0.19927771732382948,0.19308463633907116,0.04507511301642481,1630178,Tyrese Maxey,6
0.06060905887970678,0.09027260955789673,0.14327380977987325,0.18058178501830446,0.052302146203383845,0.14849413009717927,0.17951922291004357,0.14494723755361205,1630180,Saddiq Bey,4
0.04914293485315844,0.09689812267807359,0.06508811730016752,0.14020262961062724,0.0344031451478306,0.36267485921630926,0.18311152046385984,0.06847867072997348,1630182,Josh Green,2
0.03675999643703952,0.05967322562447245,0.034933979190614146,0.15462612243859195,0.030709326049058572,0.5041440623687748,0.09590089879919748,0.08325238909225098,1630183,Jaden McDaniels,2
0.07972785608902003,0.10352045078834635,0.060876868656344986,0.13890715822031036,0.282613719181613,0.09343726114083581,0.0832963009047763,0.15762038501875322,1630188,Jalen Smith,1
0.03998630759288763,0.07389101099871392,0.07626158895905713,0.14279133155460005,0.15774100875930155,0.13949939535865788,0.10847393643907838,0.26135542033770337,1630191,Isaiah Stewart,1
0.04414261073248981,0.15076343270148768,0.11350208374632295,0.2069824299968328,0.03182697500187981,0.211427907390065,0.19459388023414517,0.04676068019677674,1630193,Immanuel Quickley,6
0.07265152067682881,0.0916630199596431,0.05746906376875015,0.1249452993946466,0.319557897551844,0.08419942625142829,0.07757761408115138,0.17193615831570758,1630194,Paul Reed,1
0.07960576194086429,0.1696011089165612,0.15943929430216025,0.19889238498407233,0.03435103326424297,0.1283095855554507,0.18325431868986453,0.04654651234678371,1630198,Isaiah Joe,6
0.044485297287045575,0.060190174053224604,0.0513107871619583,0.1753097009456978,0.027597220665695393,0.41053155630651994,0.19580125690738714,0.03477400667247132,1630200,Tre Jones,2
0.05248967551622419,0.1227669616519174,0.11077286135693215,0.23795870206489675,0.041539823008849557,0.1848377581120944,0.220070796460177,0.029563421828908556,1630201,Malachi Flynn,5
0.06344916659204933,0.1201393580737328,0.102073819621378,0.19879689700363862,0.030644666758920844,0.2210817073534719,0.22580295050563426,0.03801143409117426,1630202,Payton Pritchard,5
0.07594050790220899,0.07111855043229966,0.04217083886625454,0.11907201268824129,0.2987298453088368,0.09961653196941835,0.06659197777428874,0.2267597350584516,1630208,Nick Richards,1
0.19039138705629982,0.0697170842271421,0.03304731452624762,0.050926862832395677,0.2550795321164043,0.0691909175537297,0.09362731209778605,0.23801958958999472,1630209,Omer Yurtseven,1
0.09951480344588573,0.08162689375185661,0.04731161501138727,0.10818397861174375,0.17082384394494504,0.12274482622041787,0.09111298148331519,0.2786810575304486,1630214,Xavier Tillman,1
0.03855926678560411,0.185650546508041,0.07276491408836352,0.20160533755656682,0.03485439702847184,0.22222858251365077,0.15813910593383387,0.086197849585468,1630217,Desmond Bane,6
0.05670055656988044,0.21384320336886745,0.09974453736969198,0.20348113846516286,0.02621804876612286,0.16330098945756524,0.18179994404853053,0.054911581954178695,1630224,Jalen Green,6
0.05153287308434848,0.09082762713733107,0.05950629968730281,0.1414245198702295,0.07602787767041762,0.28809193719782966,0.16221548191259022,0.13037338343995064,1630228,Jonathan Kuminga,2
0.062167878287104766,0.11118354723045551,0.08424236451708271,0.1640501224254645,0.053404792407347045,0.2525148388759599,0.17792248156037507,0.09451397469621049,1630230,Naji Marshall,5
0.06964261990168726,0.1053274877109074,0.10439085957220672,0.14901022983924536,0.0965989105885479,0.14287896904477215,0.1910854258004517,0.14106549754218148,1630231,KJ Martin,4
0.053004656994447424,0.14652516568153323,0.1987058928891277,0.1955534658785599,0.027874798495432562,0.10753179294286226,0.24403994268314527,0.026764284434891636,1630241,Sam Merrill,6
0.03685419404018014,0.08635821105104262,0.06661718538429906,0.17827504237670636,0.03062757645359625,0.3742048725689813,0.1635650595279887,0.06349785859720565,1630245,Ayo Dosunmu,2
0.06940233263267546,0.12158894324671218,0.07113692591008018,0.18036514816123814,0.07501069588347997,0.2441823694637177,0.10661935675886829,0.1316942279432281,1630256,Jae'Sean Tate,3
0.09697155093300704,0.12226664275693293,0.10792080252318013,0.10599044313878546,0.17953397116064176,0.11192919905908165,0.040748515311019924,0.23463887511735107,1630264,Anthony Gill,1
0.04411936440710955,0.07683130006928929,0.047229596642973375,0.16507002888350839,0.05098017080975033,0.3662639065139708,0.14290524496484933,0.10660038770854906,1630529,Herbert Jones,2
0.05769344081526147,0.1539838552641547,0.11554120218517905,0.20513410456199618,0.03226983089273038,0.18710104629336058,0.17996301918344784,0.0683135008038698,1630530,Trey Murphy III,6
0.0660339970651557,0.1515515043754887,0.024025021154443504,0.17754736988678355,0.06044279731365345,0.25872687738991657,0.21712492368333675,0.04454750913122182,1630531,Jaden Springer,5
0.04200934809348093,0.12243050430504306,0.08180467404674047,0.21497466174661747,0.04307207872078721,0.2283119311193112,0.1560049200492005,0.1113918819188192,1630532,Franz Wagner,3
0.055719664327156596,0.14979008926390686,0.06289027037240146,0.15861509606123586,0.037641073378894635,0.32165882477637936,0.15982248602515242,0.05386249579487274,1630533,Ziaire Williams,2
0.044674034647591274,0.12243617995050343,0.07467143551321603,0.1253150037856957,0.04836932569413838,0.3774479890610344,0.12091625137019582,0.08616977997762483,1630534,Ochai Agbaji,2
0.08076077974158087,0.12375162552929796,0.05177350851681261,0.11555191123809279,0.029346008725008487,0.3628950116269386,0.16871552756833627,0.06720562705393233,1630537,Chris Duarte,2
0.03716200880630665,0.09130112424155305,0.0611069920864289,0.17872111849173086,0.03192664437349634,0.38727322247272616,0.17650819349664845,0.03600069603110956,1630540,Miles McBride,2
0.08866162435334893,0.12113930101927577,0.10161171911013983,0.15148281572791997,0.05427173857369688,0.22893155315770605,0.1820056000409759,0.07189564801693672,1630541,Moses Moody,5
0.08731121296071696,0.06098635243651776,0.06507806814845075,0.13304140229033945,0.3259201572852966,0.07243166643261116,0.06341201853719568,0.19181912190887154,1630543,Isaiah Jackson,1
0.09585734478634338,0.08040121778840927,0.07206697836250951,0.10120147874306838,0.35902468196150916,0.08334783081439599,0.06751658149396543,0.14058388604979885,1630549,Day'Ron Sharpe,1
0.11220485578142311,0.11928564754875136,0.08911386660615848,0.17472404265826671,0.09288450501194592,0.11012933623416667,0.1891125318668998,0.11254521429238798,1630550,JT Thor,4
0.05606707425233258,0.11448742357768764,0.10161891134420492,0.16384234239561038,0.07793952437827419,0.1922684862173764,0.14162458758558708,0.15215165024892685,1630552,Jalen Johnson,3
0.0800623426447668,0.14982507002648474,0.1593028958812438,0.23612167714793297,0.038155442447493755,0.14376519057013,0.1456158515983477,0.04715152968360018,1630557,Corey Kispert,6
0.046370108657055605,0.08538544847667069,0.0683678360911867,0.15222196576947658,0.026272104253959237,0.3570946665719764,0.22069188978055534,0.04359598039911938,1630558,Davion Mitchell,2
0.03456303349342506,0.11261299049936033,0.0721426424222087,0.19093384506756708,0.03527086260774732,0.3066525450389044,0.18544598477380927,0.06237809609697783,1630559,Austin Reaves,2
0.05317944332725666,0.23123672686951455,0.12862955515044447,0.15349611907759964,0.030892330244883383,0.15003570824484577,0.19777434268638763,0.05475577439906782,1630560,Cam Thomas,6
0.045013781033971904,0.08534648695544665,0.04262634746111361,0.15684372755119658,0.11408095531449108,0.2459887918520303,0.14631770345943387,0.163782206372316,1630567,Scottie Barnes,3
0.10243878326526325,0.19098756201998232,0.13805972454786428,0.13320934485890645,0.07110594835735867,0.12911278214071661,0.15107851436268482,0.08400734044722354,1630570,Trendon Watford,4
0.1527362883231541,0.12364999697647698,0.06783576223015057,0.13929975207111325,0.20645824514724556,0.0699401342444216,0.10823002963052548,0.13184979137691238,1630572,Sandro Mamukelashvili,1
0.07099107160555355,0.15145422675799888,0.13923821228227656,0.21953429630489632,0.03703032482592038,0.1747507383694424,0.15941417499426577,0.047586954859646084,1630573,Sam Hauser,6
0.056772702892272146,0.13120435697487315,0.10043449144823077,0.24290896626581737,0.04223358437988962,0.18835156673998116,0.16719827599887013,0.0708960553000657,1630577,Julian Champagnie,6
0.04865192799210165,0.07034702935124612,0.0536945108279432,0.13018906225490648,0.2554301189366748,0.08804912481430562,0.07005407051311625,0.28358415530970593,1630578,Alperen Sengun,1
0.08464023829482474,0.08742359997721225,0.03335150928194152,0.06763080579134553,0.45893727670033285,0.07115476955881277,0.06284537693390736,0.13401642346162299,1630579,Jericho Sims,1
0.05860168067226891,0.2337859943977591,0.11455910364145658,0.21809747899159665,0.04735686274509804,0.10022633053221289,0.17086162464985993,0.0565109243697479,1630581,Josh Giddey,6
0.09194221434714103,0.16570665065998696,0.1041290307686092,0.1716543249779235,0.06923658526731348,0.09670958842440018,0.14584643976428627,0.15477516579033945,1630583,Santi Aldama,4
0.02362002021671563,0.07044675162725667,0.04753289939822206,0.15382889478805514,0.03479353442982249,0.48040679054915775,0.12839267663646756,0.06097843235430266,1630591,Jalen Suggs,2
0.08118130782003638,0.14941883450620702,0.18025618723808018,0.16420494979046413,0.05165651933264806,0.11843915553095596,0.1841148098363248,0.07072823594528346,1630592,Jalen Wilson,6
0.04436871266424451,0.15380526676130707,0.10571364200109805,0.17652115519643718,0.046794511438877084,0.19143686470429971,0.2220426144379868,0.059317232795749485,1630595,Cade Cunningham,5
0.08643241935434476,0.08475411994940603,0.036882773236637155,0.14648368711353943,0.233121300008269,0.11119346075750106,0.1106207563985165,0.19051148318178618,1630596,Evan Mobley,1
0.06055026244814071,0.11443044551240421,0.08482003010322198,0.18442807698478797,0.049471665533338934,0.2036360719115546,0.20421674319812352,0.09844670430842815,1630598,Aaron Wiggins,5
0.13345388607765662,0.18395116614799015,0.12154014456338762,0.1901652937973615,0.049772964548501664,0.1177886896882446,0.1504178551269051,0.0529100000499528,1630625,Dalano Banton,6
0.04860668198013725,0.09640293289726708,0.07014784372587289,0.12734797224393493,0.03154447060628875,0.33448743831852334,0.24509065798370502,0.046372002244270634,1630631,Jose Alvarado,2
0.11057939242092077,0.06616974632007516,0.10961478233636081,0.10247416222987786,0.26266207328531166,0.12534920137801442,0.13504541183839652,0.08810523019104292,1630647,Eugene Omoruyi,1
0.06978427752405014,0.10067534739092412,0.10524730346905063,0.16237003206685455,0.03761053347585269,0.24469925177339424,0.2030609270236129,0.07655232727626082,1630692,Jordan Goodwin,5
0.07847150051962586,0.0734511151970581,0.059381245503237666,0.16517707250779437,0.044479974418418736,0.3069390039171796,0.2141977776001279,0.057902310336557676,1630699,MarJon Beauchamp,5
0.07952654578896354,0.08275524415377337,0.04038519430081809,0.09768135790584506,0.05513597914578433,0.3670758777196656,0.18473712242258236,0.0927026785625676,1630700,Dyson Daniels,2
0.09966524952320407,0.25231941354100446,0.10962829783852511,0.14266628258105532,0.04033892244119517,0.12949976160203433,0.1850564208518754,0.04082565162110617,1630702,Jaden Hardy,6
0.07638166350449843,0.08520025439266413,0.07352373754979416,0.18429630891146015,0.06407182601244821,0.26642575645893923,0.20058169703323867,0.049518756136956915,1630703,Scoot Henderson,5
0.029321818579529202,0.09519442715081355,0.08203631101613636,0.22107359795392978,0.043056233278928505,0.2950480389022564,0.1899177197085696,0.04435185340983663,1631093,Jaden Ivey,5
0.05766104601693147,0.1215513787863237,0.09295426779808039,0.15960912591336937,0.10694740118063441,0.1391466721405372,0.1489102472843091,0.17321986087981434,1631094,Paolo Banchero,3
0.050296090703763216,0.15902748905344616,0.06908595807160862,0.19664093430569446,0.09869690125440578,0.17190303357192888,0.13255724232992108,0.12179235070923182,1631095,Jabari Smith Jr.,3
0.06053456148212939,0.08483297428338489,0.05352813817753805,0.10715346280728466,0.3141102130363027,0.08048658017072419,0.07911697109422945,0.22023709894840657,1631096,Chet Holmgren,1
0.052961977875838714,0.1374811098349755,0.08958774103850571,0.2277760986519978,0.032944447802695995,0.17660944206008583,0.2164601341957323,0.06617904854016804,1631097,Bennedict Mathurin,5
0.06874405328258802,0.09273042570823486,0.13605322120254137,0.1523587366870262,0.038404284705810136,0.3056075626899113,0.15740769159939844,0.04869402412448973,1631098,Johnny Davis,5
0.05714694280422856,0.10950867929003162,0.05642497654481597,0.1661062999403593,0.03451312618365845,0.31620203894432486,0.16112926683803191,0.09896866945454925,1631099,Keegan Murray,2
0.07916628140388762,0.1461184899289824,0.0763148397257128,0.19961583087013712,0.028323525288648815,0.21758349265813423,0.21531367349799713,0.037563866626499916,1631103,Malaki Branham,5
0.05772884605449713,0.0919631940577805,0.058343043780243485,0.12059514037575124,0.03926273312247791,0.36090143561543186,0.23221266165741541,0.03899294533640241,1631104,Blake Wesley,2
0.051550212711099656,0.06586792574448885,0.02925851918697091,0.12649058914528816,0.3338597395900477,0.09462421039061493,0.05660478707404065,0.24174401615744923,1631105,Jalen Duren,1
0.08014912425644416,0.13367998182419036,0.09394621612690021,0.20504068902842038,0.14485397389292798,0.10528027924653009,0.13341663912756113,0.10363309649702578,1631107,Nikola Jović,3
0.050876037002640824,0.08629107153048358,0.09186844658431174,0.21191949902201376,0.03356801544024945,0.30246494036099886,0.18618056168057984,0.03683142837872193,1631108,Max Christie,5
0.03816292016636727,0.059379602207441214,0.0314426858280332,0.11994060623715427,0.049533912705733846,0.4194057386998107,0.07711479017979965,0.2050197439756599,1631110,Jeremy Sochan,2
0.04356245268441159,0.07951159608981058,0.05376023914198472,0.18582351991001037,0.059845826594815084,0.25399689006435894,0.1433586915695055,0.18014078394510322,1631114,Jalen Williams,3
0.09629248880782623,0.07010114408887415,0.0525551318189355,0.11413032664566405,0.274889736362129,0.08660586967335432,0.06978942132316365,0.23563588128005306,1631117,Walker Kessler,1
0.1095635656357701,0.08280537324976966,0.06827462265545912,0.08571152336863178,0.21358781578079325,0.07539497480578272,0.0708850392984292,0.29377708520536416,1631119,Jaylin Williams,1
0.05103948245314608,0.18419184777013808,0.13183032352096574,0.2656653825522992,0.038631795105194426,0.1407324328278149,0.1356447391947465,0.05226399657569502,1631121,Bryce McGowens,6
0.07352692596888606,0.1210925432639905,0.09402668407523768,0.1758217098092246,0.04287637777376241,0.2105232480196779,0.22217785886234212,0.05995465222687876,1631128,Christian Braun,5
0.1275186097870853,0.11639679277835097,0.07965187831657812,0.1645648052616171,0.09738198169007278,0.13470671998772138,0.14674659140325894,0.13303262077531544,1631133,Jabari Walker,4
0.03399174472736868,0.0922734040748629,0.061174774299338444,0.1570480803663984,0.027781442599468496,0.3841293326045574,0.20535461861771304,0.03824660271029271,1631165,Keon Ellis,2
0.06534635647089826,0.14710160918161191,0.09288733586283285,0.1971509922679584,0.05906902705678947,0.17939450551569439,0.16416608999505095,0.09488408364916369,1631170,Jaime Jaquez Jr.,3
0.08433762862705108,0.12725580173665832,0.07967151818547016,0.2471841105033837,0.04806325515280739,0.20683075306696333,0.14940823831154784,0.05724869441611817,1631200,Kris Murray,6
0.0609028202488136,0.14905591725825057,0.10304397977905598,0.19122804301208457,0.030505601015692132,0.23325307920385838,0.18978811361507433,0.04222244586717038,1631204,Marcus Sasser,5
0.08121426050123544,0.17824920578891634,0.08878926932580304,0.21995058242146137,0.03577832686198377,0.16311330744793506,0.18512530885986586,0.04777973879279916,1631207,Dalen Terry,6
0.07762505451197647,0.10997367273432074,0.07383586645777138,0.15349603475845136,0.05487700482935732,0.24265986141844198,0.15619013777397314,0.13134236751570752,1631212,Peyton Watson,3
0.04818031555221637,0.2284898572501878,0.13973854244928624,0.2641803155522163,0.030737791134485347,0.08918407212622088,0.16340195341848235,0.03608715251690458,1631216,Caleb Houstan,6
0.12172895599890682,0.08898862394096749,0.055125204974036626,0.07501622711123258,0.3035409264826456,0.08326643208526921,0.07596423203060947,0.19636939737633236,1631218,Trayce Jackson-Davis,1
0.07479436307058054,0.1255227637603314,0.06034130775176898,0.1852496382772085,0.05846233127861574,0.2081263750421184,0.15044893267000972,0.13705428814936674,1631223,David Roddy,3
0.028406355320173323,0.06707330682626177,0.04298418184658846,0.12590752709428715,0.05369754517308778,0.47025925701549925,0.12802788025265682,0.08364394647144537,1631246,Vince Williams Jr.,2
0.052869542791286195,0.1822306756179531,0.09062774522683129,0.256675182746476,0.041691180618799305,0.15826207496836692,0.19060437302041439,0.02703922500987274,1631260,AJ Green,6
0.04931633680347367,0.12473262815024695,0.10284927060122762,0.17986351834861108,0.0592526695353656,0.2355493707175187,0.1278867096320796,0.12054949621147684,1631323,Simone Fontecchio,3
0.08817581925959066,0.11460239346829214,0.04347835812548932,0.1242814002907952,0.2702270439548149,0.09069679006822502,0.08630801923722178,0.18223017559557095,1641705,Victor Wembanyama,1
0.048224206965050594,0.12613678688931654,0.1104584393817121,0.19079396610590352,0.04038309330188094,0.21644150785275315,0.21356850207958286,0.053993497423800364,1641706,Brandon Miller,5
0.05884217125614015,0.13227948825705643,0.07452239392081349,0.13821124208582786,0.04899725113846959,0.2970355009610681,0.18861392618721193,0.061498026193412374,1641708,Amen Thompson,2
0.041682946806632454,0.08855817291968753,0.06011640661856427,0.1514848934772353,0.0526000468868031,0.37849805940731607,0.13676764694816115,0.09029182693560012,1641709,Ausar Thompson,2
0.029272665580321797,0.0759170747441574,0.07649515543249231,0.21282166210764866,0.044181282752669436,0.3217060920488771,0.20384465547647673,0.0357614118573565,1641710,Anthony Black,5
0.06032848674767441,0.1824354184243301,0.19883053750716762,0.18640910734438515,0.03590563949729913,0.12117194604840743,0.1701016431641959,0.0448172212665403,1641711,Gradey Dick,6
0.06045484070462581,0.09820265187611094,0.11219715209197942,0.13080851494159884,0.05014371783851482,0.2627605493560896,0.15551086926927551,0.12992170392180505,1641713,GG Jackson,5
0.0823863483866812,0.18808006742067604,0.14597972011830826,0.18505257846510606,0.051859168084683806,0.11572093422726565,0.16318380186051004,0.06773738143676895,1641715,Cam Whitmore,6
0.04063656245271859,0.0851299121081661,0.06911681773792003,0.16746489140750725,0.03376476899165096,0.3419693822813364,0.20185686973027248,0.06006079529042818,1641717,Cason Wallace,2
0.058826040447767944,0.08161620321312167,0.06853621667227465,0.1934376585091477,0.0347728265727874,0.35121107266435986,0.16391540821912304,0.04768457370141773,1641718,Keyonte George,5
0.08898744456243363,0.21588273262956253,0.09703291898307202,0.18378412143169467,0.034351510608615986,0.13898432131925792,0.2017073729360568,0.03926957752930643,1641722,Jordan Hawkins,6
0.09878027097187156,0.09656840083923048,0.040716901959389776,0.09066889513175207,0.23510543721773763,0.10303332029444187,0.07224494150279151,0.2628818320827851,1641726,Dereck Lively II,1
0.04453587582914639,0.07844549063048094,0.09388772401788187,0.13735543511228918,0.052110614392530764,0.33805435771650116,0.18872756524376574,0.06688293705740397,1641731,Bilal Coulibaly,2
0.0594419369777231,0.13607365270702726,0.07699804394556224,0.171254985174075,0.034027052993178,0.2615859938208033,0.22963249676870864,0.0309858376129224,1641733,Nick Smith Jr.,5
0.2400088964261388,0.1418562949165265,0.14380238813439164,0.1610253131124981,0.04295305745145193,0.09235602385354258,0.1247445752651552,0.053253450840295244,1641738,Kobe Brown,4
0.06146292271768849,0.08990115241294887,0.04011065752789357,0.13150288238053895,0.08228670653645173,0.34434875456354447,0.15320836726219686,0.09717855659873705,1641739,Toumani Camara,2
0.036710571603663505,0.1182075368742707,0.06283526834059486,0.14612872625313758,0.04243584254665424,0.30882883790431576,0.19376096574071744,0.09109225073664594,1641748,Andre Jackson Jr.,2
0.08346677828992517,0.12481200079823608,0.09395092794945803,0.17601592578351252,0.059378543997897326,0.2119414172584484,0.1939932734007291,0.05644113252179331,1641764,Brandin Podziemski,5
0.08292802136232505,0.14420165462651693,0.11184822258779774,0.19943137114655604,0.02936723648761414,0.23056290680208855,0.17696635910640632,0.02469422788069523,1641767,Ben Sheppard,6
0.050425442324956896,0.12932493306532983,0.12208724944188006,0.22652122444764,0.03560050528724309,0.18786198349077218,0.22371672135315288,0.024461940589025098,1641854,Craig Porter Jr.,5
0.13314418158567776,0.09700287723785167,0.05547874040920716,0.11751118925831201,0.2936261189258312,0.11001438618925831,0.0735374040920716,0.11968510230179027,1641871,Duop Reath,1
