PC1,PC2,PC3,PC4,PC5,PC6,PLAYER_ID,PLAYER_NAME,Cluster
-0.682705852383734,1.3325483854469689,1.8885423158558874,-0.6589232916494249,-0.037589572326806986,-1.0939945792512744,1630647,Eugene Omoruyi,8
-0.8413168789854427,-2.30314347075837,0.45365190751162227,1.2325220795663145,0.4855546280544856,-0.02759127179066883,1626145,Tyus Jones,6
-0.40238622686922393,-2.572920517333192,-0.10762054218770405,-0.574749817252824,-0.054341952194962614,-0.4466703229324531,1629673,Jordan Poole,3
1.2444491169881076,1.735199004907568,-0.2822699712213664,-1.006149325774,-0.8104187728622523,-0.09707166618949802,1630167,Obi Toppin,5
-1.165361453779559,-0.3206211124304558,0.7512738951386051,-0.8752965584173779,0.24852828737096275,0.6103671265284925,1630166,Deni Avdija,4
-0.2188978015465212,1.2880170927172314,1.4698936965591776,1.1349527249404348,-0.9644094269177467,0.17361489740737754,1631098,Johnny Davis,6
-1.8132348770552147,-4.645554662005154,0.35281483298428873,-0.6749199510661934,0.8027179633916569,-0.9348724442929508,1629027,Trae Young,3
-0.010942948917695953,-3.921303811984292,0.263408738516129,-0.7077201428638972,0.8723278041035015,-1.2950640803423763,1630169,Tyrese Haliburton,3
-1.6460311304718187,-1.8323893511108218,-0.9257898367556738,-0.007133905238769369,0.6711388775032073,0.31016926079008816,1628398,Kyle Kuzma,3
-1.2397965945930232,-0.5861614642622521,0.4177637386615982,-0.541359897282665,-0.27124240866890686,0.08536149725230395,1631097,Bennedict Mathurin,3
-3.021232594349147,3.987653827196254,0.02589974134432448,-0.8115201401980815,-1.5842738963843466,-1.0826663482754462,1630543,Isaiah Jackson,2
1.8987151449709896,-0.135145587280132,-0.43805530377478324,-0.8903908489757368,0.5855872716571792,-0.3334296881898941,1630557,Corey Kispert,7
-3.4095561977557525,3.9414863839438046,-1.0341261154124057,-1.2352067296548246,-1.3674020488629983,-0.40245895788030084,1629655,Daniel Gafford,2
0.8553340010839655,1.1169234903152598,0.950837961005012,-0.5558896283034308,0.538539771066257,1.6333709136066188,1641731,Bilal Coulibaly,9
0.4084701033695121,-0.6439913777071221,0.0509072646022774,0.6428651340430567,-0.2891357214588782,-0.12004876353054612,1631103,Malaki Branham,5
-0.11962550663859496,-0.27475970726010035,-0.04822009821611502,-0.6926415636691049,0.5556969088225245,0.5021066414629833,1629640,Keldon Johnson,4
-1.1396364430264458,-0.11304286784651219,0.43709502450500004,0.7390459700666313,0.05443926147491684,1.0479658032028234,1628971,Bruce Brown,4
4.418404482675507,0.33102261550434997,-0.7692863223408388,-0.030198506074188128,0.3345506352408193,-1.7017119001798058,203926,Doug McDermott,7
2.2024336501892012,0.2913432548999709,0.49978419749215025,-0.14651393572547847,0.40905271887754924,-0.7073907988947897,1626224,Cedi Osman,7
-1.5122008822569182,3.518016652505356,-0.7415509611175576,-0.5845653508860646,-0.08992773559092963,0.6564638538416451,1630168,Onyeka Okongwu,2
2.07943662830411,0.6875365379407335,-0.2504045654307438,-0.22675803369815814,0.046008703061271694,0.8027055249893132,1631323,Simone Fontecchio,9
-0.1971861496911837,-2.7154811778954087,-0.17912047967318917,-0.31378699865737636,0.36532535747767103,-0.38541054584591733,1626156,D'Angelo Russell,3
0.5281088125681009,0.00375324880528107,0.7456767159199407,0.27625724752904435,-0.01968506086413826,-0.7074896677874551,1629670,Jordan Nwora,5
-0.0034184134383088262,0.31887264978675023,1.0590181849751972,-1.2310298802324164,0.8016682462457755,-0.20712656424519651,1641715,Cam Whitmore,8
-0.28806354349153157,0.37476424125789637,-1.222790436991647,-0.22933760693580624,0.571288423377748,-0.008106927853608484,1626167,Myles Turner,7
2.1145180783949584,1.4406800896791807,0.4628189779568994,0.2879111632177785,-0.48036970487245434,1.2878335722803163,1629629,Cam Reddish,9
-1.0278723829035248,0.26674032980666346,-0.7651992723329026,-0.5816021167078056,-0.09681788020132943,0.6305688848913961,1630552,Jalen Johnson,4
1.4063396144786113,0.8771360199186208,0.4520270714928219,0.6950718003944961,-1.3304956485285564,-0.310400788898002,1630699,MarJon Beauchamp,5
2.935529773437099,2.463525290701883,1.9270821238477829,-0.25360511490667487,1.9882312180136668,1.3312934336636684,1641767,Ben Sheppard,9
0.5226230965651515,1.2406433952770262,0.7351209511930619,0.45123288969784314,0.13615953375295012,-1.17268625647307,1630572,Sandro Mamukelashvili,5
-3.6123732510436732,-2.951566151249777,2.5143073985943705,1.8000882221161945,-0.2474147765750421,-0.3897615305809442,204456,T.J. McConnell,6
-0.36217501789445217,0.23216403621186707,1.0212526006664158,-0.3340633655502983,1.3120045171443975,0.3185119453813409,203110,Draymond Green,8
1.853364340148849,0.6509143546498387,-0.22536631187541104,-0.47717620889979323,0.008835733524145569,1.0837301592778135,1630174,Aaron Nesmith,9
-3.3605848990990594,0.007423292930258556,-1.6909933073761865,0.024529221643310426,-0.11050670474595153,0.7953057126847995,203076,Anthony Davis,2
-1.0928079286843237,2.086605567448582,0.8040818977341893,1.183116234849308,1.3444563679450394,-0.6883935116335752,1630264,Anthony Gill,1
-0.3451545497782835,-2.1515916149800653,-1.035556412364329,-0.06345374544604618,-1.1929890837618051,0.16784957100451503,1630170,Devin Vassell,4
-1.0558267648346888,-3.5132942095938495,0.19028782586236834,-1.5718601272989363,-0.14614146562195504,-0.6404076792162436,203081,Damian Lillard,3
0.23814181848714736,1.7002881862650665,-0.14312868255620204,-0.7860022794554072,-0.18131364304942627,-0.8832012396429926,1630188,Jalen Smith,5
1.3400026923642288,0.5489396796516256,0.4698575523363735,1.2992285640164511,-0.8069247478415184,-0.010527569102631357,1631108,Max Christie,5
-3.200454559249711,-4.073082784691468,0.620164038236154,-0.007388829166602904,-0.5800180161976436,0.42345543102720357,1628983,Shai Gilgeous-Alexander,4
2.544669615703255,0.6027101471969328,-0.358223087953677,0.1108668670494062,0.1607600165754866,1.183593412627039,1627752,Taurean Prince,9
-1.7399530112398882,0.5829917722696561,-1.12962317403241,1.1123310948623306,2.3331880105663,-0.8456050672190114,1628380,Zach Collins,1
1.9919434250978183,-0.05500201782580877,-0.04752318337258009,0.38053393942091196,-0.5857094484288641,-0.631141246685331,1629013,Landry Shamet,5
-0.14330540333112332,1.9113024107832355,0.46789797037764547,0.9623839132640202,1.3023700976898547,-0.4566520212765192,1629677,Luka Samanic,1
-1.504648917362756,-1.2706063884044003,-1.6442847082805059,-0.8930720005810813,-0.35556096246113744,-0.8668555547212441,1641705,Victor Wembanyama,3
-0.8961826777595473,-0.28667602628745553,1.149877517695434,1.552149262725675,0.8022754910302851,-0.2847313839647408,1627739,Kris Dunn,6
3.4951315617291243,0.876743896858686,-0.5046153831368249,-0.3527552135486813,0.16388479707105078,-0.3699701532018611,1630577,Julian Champagnie,7
-2.084946642405597,-2.0549645141692467,0.19113510648291052,0.11319817517694385,-0.49901976401759907,0.30249108186578316,1631114,Jalen Williams,4
1.5891387861243884,0.7312725686550839,-0.4359380450345649,-0.9170553585534121,0.037757403459445414,1.650454395741355,1630180,Saddiq Bey,9
3.6251443035553095,-0.0304518708200927,-1.032797586068415,-0.11529700496351217,0.005091708394849907,1.0542885653809684,1627736,Malik Beasley,9
-0.8799039244524252,-0.9000842527344204,1.6195760428362178,-0.07661656125420742,0.500928697837681,0.5169733759798799,1630200,Tre Jones,8
1.676165870476752,0.47893252457663266,-1.3860085336783656,-0.8041370837227316,0.669931006344567,-0.2259229095900674,201572,Brook Lopez,7
-1.2932098512714243,0.2931505330557469,-0.24671032387522243,-0.224198727132881,0.3908171523174325,0.4592871356774379,1631110,Jeremy Sochan,4
-0.05251963814217362,2.863287103966898,1.0751861006713934,0.017357772683983676,0.09616665966990386,0.5988004498684555,1627780,Gary Payton II,9
-2.919398567639639,2.5334008823591034,-0.448668254132537,-0.22697295263263803,-0.18895319469974795,-0.0609854241573389,1628963,Marvin Bagley III,2
-1.247409461119445,-0.8720779018200702,1.0118065926924091,0.07284343787233238,0.756489526687452,0.34533743705651104,1630581,Josh Giddey,8
3.68031286560283,-0.46687667812567185,-0.9210900414589707,0.1665270123809413,-0.4928643215385567,-1.0989297018723567,1630198,Isaiah Joe,7
-1.6754746619493117,0.4596294899782549,0.33483800889834703,0.18987819108718823,-0.20005049470507622,-0.2575267459328188,1641708,Amen Thompson,5
0.549751896000706,-0.3267177480058735,-1.8139316713730924,-0.7584111892671679,0.5383378049647952,0.13868732182873852,1628374,Lauri Markkanen,7
-0.8257943668603724,0.07127292930186281,0.8061866049221589,-0.23630124436234362,0.705444817198003,-0.5669835052332085,203482,Kelly Olynyk,8
1.7683790397649948,-1.3798477658863155,-1.1655562739328742,-0.020372377938820074,-0.8079057076345639,-0.0669196443569681,203501,Tim Hardaway Jr.,4
-3.9600893977191594,-1.2372199171655238,-0.08903245717156331,-2.111393384859222,-0.3419190544557874,-0.06997435901166808,203507,Giannis Antetokounmpo,3
-1.0960117588047484,-2.7064162373486815,0.19436156175579172,2.921950825691157,-1.289214793133274,0.16007236303732095,1630165,Killian Hayes,6
-0.021650808532800565,-3.3838670517022993,-0.5357194448204263,-1.232153944292337,0.4557009617274156,-0.9012963150645384,201939,Stephen Curry,3
-0.276448218679375,-2.205531794738225,0.11256539346836784,-0.32841125945459054,0.06608246279757903,-0.12307533891811219,1630559,Austin Reaves,3
-2.090480178999417,-2.047770872553434,0.9297112965072513,0.06132853193905442,0.6783304456877727,-0.05385527425088919,1629012,Collin Sexton,3
-0.8886769884750965,0.6478731222341613,1.7728961402045114,-0.13762386430193776,-0.6120251199259512,-0.8919781735325462,1631104,Blake Wesley,8
0.36759678282720604,-1.3811374319512422,0.7937443229739641,0.7783224738588774,-0.3600595494432948,-0.9092430628757148,1630702,Jaden Hardy,6
-0.7819032124231338,-3.2109671529737343,-0.3258397576628765,1.2195615488649356,-1.1692959506310543,-0.3106170646159534,203114,Khris Middleton,6
2.7456278144022646,-0.019321885760215783,-0.7314654985373528,-0.6352781410480214,-0.05730319507692266,0.35201912021818765,1629652,Luguentz Dort,7
0.232356131558905,0.736978572469678,-0.7196090437798355,0.04048302026295658,-0.8871809334544304,0.9512025607493796,1629060,Rui Hachimura,4
-0.34543956733362274,0.18330446948938744,-1.3341749680346584,-0.6884524153748204,-0.1577066127830538,-0.34815043791486233,1631096,Chet Holmgren,3
-1.5909969367536643,-3.1375855844084715,-0.03423158283539197,-0.20984043562117216,-0.3482812740457628,0.4505217697732817,1627749,Dejounte Murray,4
-1.7686427540870644,-1.0574987382170575,1.8230523366014961,-0.7609428849377029,-0.3144050735060155,0.01615374917714174,201566,Russell Westbrook,8
-0.18946543081062522,-1.7367947480794623,0.7159166312293114,1.1970976774372348,-0.5036871662897765,0.3920105744569514,1629614,Andrew Nembhard,6
-2.120290584913249,-2.6084699285761404,0.3592804579588084,-1.6400949606186532,0.12461908708474577,-0.24213815478799325,2544,LeBron James,3
-2.162532996588615,4.101265428765268,1.834420843089396,-1.3446984452692083,-1.0552930828537816,-0.6046380998813056,203939,Dwight Powell,2
-2.2599928417273683,0.1667477126261446,-0.3167020341010962,-0.08006409235245962,-0.7010882216379114,0.3275391362573428,1630228,Jonathan Kuminga,4
-0.6344668621687211,-1.6217778732594872,0.44196213142384266,-0.48096767659106654,0.27733095025076915,0.23479860365890373,1631093,Jaden Ivey,3
2.1907705364125474,-0.8435108599122381,-0.31759106926304687,-1.0296857031691296,0.2619876982621973,-0.7735773381290059,1627741,Buddy Hield,7
1.6465201493987645,-1.7450498173117786,-1.6590480100866418,-0.261793248771346,-0.44915261442006016,-0.4350920189336015,202691,Klay Thompson,4
-1.4782142107167315,0.6676797745528387,1.1381820549959272,1.365334630412539,-0.8733925949460862,-0.27424468366813176,1629003,Shake Milton,6
-0.8793894706867211,-2.6918147867854745,-0.16975038975458487,-1.213808131813518,0.17907077454863735,-0.27414305102101755,1630217,Desmond Bane,3
-1.705673941589704,-0.4990587463737094,0.2833395358596548,-0.9358180165943901,0.5556429786416098,0.9097219748141373,1629628,RJ Barrett,4
2.0973504092015127,0.22202997834897073,-0.3570216743733199,0.3066368884306165,-0.6819063934525309,0.3413972020144891,1641711,Gradey Dick,5
-2.627557987444431,4.739264823533064,-0.723036680598167,-0.8581027347859159,-2.3823580702875735,-1.5222673113598293,1629637,Jaxson Hayes,2
-0.18847283346639776,-2.3083790099423624,0.10388384316960624,-0.36401405587992636,0.2716392794276294,-0.9865353782311377,1628370,Malik Monk,3
-3.7748632949733145,3.5360518083192107,-1.3277014492379062,1.3006466480487473,0.13743167052278138,-0.6193522266086641,1630164,James Wiseman,1
-3.9555990724939445,3.9752953681490864,-0.8963017187588437,-0.8753047847673895,0.5145576328968692,0.01292344760616576,203991,Clint Capela,2
-4.04214277444008,2.5191563265309345,-0.916672288191328,-0.6738216450069955,-0.2895925471175426,0.09959525219423243,1631105,Jalen Duren,2
1.1482918361454606,1.6488797853953039,0.3460341234130545,-0.35195573920816536,-0.5742484554878039,0.5679264095163794,1630534,Ochai Agbaji,5
1.8674501453996535,1.966665094359492,-0.2493194709878714,-0.49547428173835856,-0.6455289558283459,1.1996969710653218,1627884,Derrick Jones Jr.,9
-2.2240674058812147,-5.389636540776345,-0.09134683376624447,-1.0818425452950762,0.3072201023081084,-0.9833786921316532,1629029,Luka Dončić,3
-1.9563410516917565,-3.442378623624163,-0.269669658541231,-0.13105631368104487,0.33220886634671415,0.2874705826848626,1628368,De'Aaron Fox,4
-0.6106983734255632,1.3365477638269798,-1.0806684787777443,-0.14682883424595647,-0.09332982651633025,0.819251557948552,1628381,John Collins,7
2.113524809413751,0.9562264506648293,0.13358413539382666,-0.029217089116454428,-0.3982110502912823,1.630046259362739,1630182,Josh Green,9
-0.4792083883737358,0.6570035741438592,0.7353116661456458,-0.021920321568271745,-0.5454133948784338,1.1075883214340287,1641709,Ausar Thompson,9
-0.09080543693088548,0.6185863656174877,1.2620406917206706,0.0728704275367609,0.3943116702119785,0.16632308924998887,203957,Danté Exum,5
2.4021944300074236,1.7709093753485785,1.8934037596469624,-0.8606672963649419,1.2517109055707778,0.1622434182267618,1628426,Sasha Vezenkov,8
-1.213170049217804,-1.626632939507996,3.6562926300046934,-0.5839041890097042,0.6358838232116701,0.05722429610590196,1631204,Marcus Sasser,8
-0.9845986696206537,2.2951816238302265,-0.2314687380567496,1.0794539621930281,0.6738610736135315,-0.9829890892601095,1629111,Jock Landale,1
2.617152817114178,1.2178971690235165,-0.5466607777335393,0.8724606856015332,0.3018087949876638,-1.3721514373301673,203488,Mike Muscala,7
-2.586335948742477,-1.2562648718891767,0.18284014048939579,-0.018669966746014028,0.3627530790880869,1.0340523224080376,1627783,Pascal Siakam,4
0.8867499110402445,1.151003539344548,-0.16175514499017232,0.022848632501348914,-0.034958671488599484,-0.5607475486154747,1626174,Christian Wood,5
-1.4757400414121302,-3.2021513236339554,-0.4116890958905452,0.030347163208221416,-0.3124511057142262,0.3704054489103493,202681,Kyrie Irving,4
-2.5283232204219015,-3.732558694801422,0.36094156460171956,-0.21363868535854663,-0.07116713045797712,-0.06520577686056399,1630595,Cade Cunningham,4
-1.8778684947698647,-1.3995626202509308,-0.904673242062229,-0.24342433735060934,0.8038503505586514,0.0213032519890645,1630567,Scottie Barnes,3
-0.877755921009,-0.2827643362505021,-0.5321231474922948,0.5240495580651773,0.046598900503926344,0.41762879590094926,203952,Andrew Wiggins,4
1.876225138979586,-0.35435464089381624,-0.592196569169916,-0.2769632196857871,0.5875021693846176,-0.7113111522572151,1628989,Kevin Huerter,7
-1.2092692546316322,1.891859797155406,-0.9786497937453955,0.26777910322129245,-1.53429325338324,-0.29178935325279404,1641726,Dereck Lively II,5
-1.7915914457017736,-2.4319447670688414,-0.1223306083426524,0.49357612799982087,0.7870510925183547,-0.13376042283489148,203903,Jordan Clarkson,3
0.8235796030754878,-0.9036490290401465,-0.9789727012149093,0.30841403948059404,-0.8485123561959712,0.8070608803527309,1629631,De'Andre Hunter,4
3.463950957881403,0.9354857763055305,-0.44872378144072206,0.5013582070309544,0.20675826333779893,-0.0022773656987555625,1628467,Maxi Kleber,9
1.0695455352365488,-0.9832450351798311,0.6910495862205109,0.9938118553955219,-0.04780553881749545,-0.8416670957954342,1628988,Aaron Holiday,6
-1.203985507060906,-1.2055776845624004,2.1926274171653857,-1.5425687082055963,1.2372674876765715,0.08653143360220662,1641718,Keyonte George,8
3.289009532284158,0.5056244618608631,-0.4218716245142132,0.8598988400142943,-0.31266796169271716,1.0307822888449716,203109,Jae Crowder,9
1.1030213404315217,-1.2933549069537869,-0.866209607910827,-0.46669513010755875,0.2720766773803929,-0.043049984462376616,203992,Bogdan Bogdanović,3
3.550126279643729,0.8859236093877376,0.31833286252111986,-0.35599556775952673,0.4848260306608011,0.3958815014154002,1626192,Pat Connaughton,9
4.7390653514424095,0.9342880097771464,-0.5852840044274936,0.4541823647745472,0.04958864755168985,-0.570031202444697,1629726,Garrison Mathews,7
-0.10881547913291739,2.1776428958290404,1.1667436973078513,0.696090492731312,0.7303121976724796,0.5572944720585793,1630256,Jae'Sean Tate,9
-0.8953762694354235,0.8561731172603476,0.6005449023742672,0.03713482626623916,-0.03358178303144853,-0.3470216565801615,1631223,David Roddy,5
1.664543912328032,1.2315374864437654,2.1280156294349344,-0.4046508892214626,0.4592935867894019,1.7152886061367592,1641717,Cason Wallace,9
-0.9705622314659323,-1.6743911232312847,1.4592611210272215,-0.06578505815870345,0.2775814025722133,-0.7475513154409165,1629659,Talen Horton-Tucker,8
-0.4166689199691706,-0.18759114227281645,-1.8804053551202833,-0.5421653646797433,-0.01987489170583143,-0.5735891003773979,204001,Kristaps Porziņģis,3
1.613416858415603,0.2150174154099643,-0.5088207845068535,0.22849480777365103,0.11969768279718099,1.2475790202183992,203084,Harrison Barnes,9
-0.7607000940434382,-0.9822675410142045,-0.30560297803611725,1.5741314975217058,-1.2068224012851274,0.3930735798456618,202330,Gordon Hayward,6
-1.9467126495683824,-3.2495671094377463,-1.6034544499566081,0.5937506714731461,-1.7765889739998353,0.627513739142409,201142,Kevin Durant,4
-3.681100156796,2.5449475789154192,-0.06423761616210816,0.5418250454100163,1.6738994747211542,0.6581939131929561,1627751,Jakob Pöltl,1
-0.5736643268708174,-2.396950941563822,-0.053248457649544695,-1.4054389441190993,-0.5171005094598543,-0.336787891092943,1630224,Jalen Green,3
-4.808829988113116,-0.2966292135496883,1.7889247705969253,-1.7235951441150843,0.8626961781180317,0.7612343900831264,1629627,Zion Williamson,8
0.6145746036501509,-0.37789893799692875,-0.6694462430980589,-0.26708302334299944,0.47610832850589463,0.3275949327636372,1628415,Dillon Brooks,7
0.6834147116598599,-0.28746731428559064,-0.43519317265599117,0.24657663877752953,-0.2067099487039135,0.6067292918698335,1626181,Norman Powell,5
1.4489334867250183,-0.39072478498955354,-0.4507243104389761,1.0145581818228049,-1.0543902566476182,-1.6260675847735238,201568,Danilo Gallinari,6
-2.6590331868673402,-0.6188974576057713,-1.2713103459200459,0.21222320723901245,2.448279321091729,0.24427816201456765,1628991,Jaren Jackson Jr.,1
-0.4309632698611506,-2.7486780781750975,0.07681406952618883,0.24274926112924994,0.13466840798404486,-0.2673444711540773,1630193,Immanuel Quickley,3
1.2434388118705932,-1.488319013376671,-1.0499473837618687,0.31281293836280505,-0.59146054355955,-0.10781820326321259,1629018,Gary Trent Jr.,4
0.9931307577231377,1.3486135047898953,-0.8461894778921781,-0.6194595881126469,0.8058185892183586,0.8431343212241486,1630191,Isaiah Stewart,7
2.667011114734347,0.2238187793517124,0.350351762660703,0.6634510714371582,-0.5429775359145727,-0.4856143126696262,1628972,Troy Brown Jr.,5
1.0960319008279584,0.33455125940412606,-1.4578302277635509,-0.006118291042347682,1.2108285388307605,0.3537757356247986,1629023,P.J. Washington,7
2.403661177146352,-0.26140745256256326,-0.437625592202701,-0.7923951709532518,0.9377389076474539,-0.20008152354110179,201569,Eric Gordon,7
1.8363742440488717,1.820555206959058,1.2549977273995327,0.026905974950666215,-0.35117775150062763,0.9228295077925505,1629006,Josh Okogie,9
-3.23176122427231,2.115343972080543,-0.696579250223862,-0.26714639038990623,2.090463016002521,-0.3160029779574461,203994,Jusuf Nurkić,1
5.290205573481892,1.1792599464751534,-0.09775681021708275,1.3623336908194905,-0.2961642694994932,-0.20222149375660248,203493,Reggie Bullock Jr.,5
1.6040679173518297,2.2543250360973346,2.596381075828463,0.7571732333545199,0.5952170053942424,1.1119683951934347,1641748,Andre Jackson Jr.,9
1.2338943037445365,-1.2331903318522126,0.10222471803150775,-0.1557233970816594,0.6749121119389213,-0.1618863914195513,203915,Spencer Dinwiddie,7
0.028623254944456136,0.8580567600974421,0.4765909129724128,1.5185202314934176,0.5527603934858043,-0.6642517479941589,1629667,Jalen McDaniels,1
-2.4324143873690027,4.173627842231825,-0.27744166284784266,-1.7211583561066703,-1.735159806735296,0.04922393915965385,1631117,Walker Kessler,2
3.691635283668931,-0.3270788060076668,-0.7299411693329224,-0.7092448521614505,0.9552867462305783,-1.1252032044933353,1626220,Royce O'Neale,7
-1.0253421530154707,-0.24764302780242958,-1.3429670519177692,1.8803324816766256,0.013090690513985542,0.7500735186762533,1626171,Bobby Portis,1
-1.3328964213171821,3.3965288366802264,1.0775251230663583,-0.6835289836793875,-1.0065935878531267,-0.5561471714756898,1630231,KJ Martin,2
-3.4446000569275825,3.5948760605963725,-1.6646798753692347,2.9209203468601297,2.2568929649869403,-0.9386491578748063,1630209,Omer Yurtseven,1
-2.2525461603801626,-4.045366248852201,-0.4982645763706061,0.1329038879683662,-1.055281504062353,0.06204743363301496,1626164,Devin Booker,4
3.6580933821798984,0.8736161953373129,-0.21140649484768984,-0.22109995832719148,0.1783036281624592,0.16602958525526085,1626168,Trey Lyles,9
0.8080582742973916,1.225808739258108,-0.05944297364518073,1.080198940798907,-0.1659492809013167,0.2847960650586986,201145,Jeff Green,5
-1.7196950731004974,-1.8907704337714033,-0.3179443961577455,-0.8257149846089459,-0.4706843465117807,0.47941640819008613,1627759,Jaylen Brown,4
2.6801156799592,-0.2884799172655144,-0.7332188043268586,-0.9286210341733898,0.7300449221198735,0.562891887181761,1628960,Grayson Allen,7
-1.594186112650667,1.7349695004037589,-0.589629597852208,0.6980325686615417,-1.1968143025771425,-0.9940551612980577,1631218,Trayce Jackson-Davis,5
1.4966713216896297,-0.8928122044547625,-0.24751695656477604,-0.5824660898123,-0.16461154548274162,-0.07839851017117312,1630591,Jalen Suggs,7
1.4626333566519227,0.0587529626952276,-0.39381692792269135,0.1723797809177383,-0.8551303465458031,-0.004555223085991088,1630533,Ziaire Williams,5
-3.321927763347044,3.8872469735968127,0.3351866317349474,-0.22772546743107946,-0.22136118446911748,-0.6626532011582491,203486,Mason Plumlee,2
1.5049662558924706,-0.5584560061610502,-1.697655168562982,-0.1604617576632002,-0.49128821123574135,0.6110049266360889,1631099,Keegan Murray,4
1.504136401495026,0.7081484471075494,2.191137263279266,-1.3195762058875191,0.6246885230870619,0.4826138884297146,1641722,Jordan Hawkins,8
0.11122453087330886,-0.09953422325670869,1.7028073453160568,0.9330905735254609,0.2710233498657936,-0.3517920353879132,1626153,Delon Wright,6
0.29531746509396456,1.2506439882631974,1.5104929891374126,-0.3865015127258295,-0.2844348305162691,0.13806584804505145,1630598,Aaron Wiggins,5
1.5307527787551098,-1.2809825931153846,0.20903364005927075,1.8725548472228042,-2.2755935040180777,-0.17595194104971762,203552,Seth Curry,6
-1.6172416702564716,-2.876534557129516,0.6658079539438985,-0.28604151105212805,-0.31735093815479376,-0.41711404822515374,1630703,Scoot Henderson,3
2.5633935801982135,1.3295324920623186,0.3511155919901259,0.4230615655136445,-0.7107717368408775,-0.7948866924280826,1629642,Nassir Little,5
-4.067521039050054,0.2212059056661048,-0.10190709358239107,-0.7550120034896026,1.755326887159522,0.27840291603729084,1627734,Domantas Sabonis,1
2.2511366797085857,0.6380345905753823,0.13226874732929897,1.2348853524023364,-0.2584605064767564,1.201142101575629,1629599,Amir Coffey,9
0.7538559336146959,1.3279232744262024,1.8127531130874606,0.09175418213500158,-0.23730521520242034,0.886156709492461,1641710,Anthony Black,9
3.284671001780508,0.49776204377730887,0.13177070871503987,0.2894632740948746,0.5044158319560131,-1.385882909792809,1631119,Jaylin Williams,7
0.9984905543357349,0.5644400540575276,0.07696503949945825,0.3814827768447249,-0.17882375878668988,-0.26286038430778347,1630541,Moses Moody,5
0.9104913554743382,-0.15622111147741363,0.10211377424919421,0.40027712506263574,1.5164244108517135,-1.2864014323955006,203967,Dario Šarić,7
0.18023854380913062,-3.6022903781610776,-0.23915649383149803,-0.7033165030992798,-0.18010542706095778,-0.6505538233769698,1627832,Fred VanVleet,3
-1.2441817971486782,-3.580740342834902,-0.21926075536537387,-1.3743679483652267,-0.19548124252148702,-0.5789123902345447,1628378,Donovan Mitchell,3
-2.935390205611194,-2.0614100172796377,1.8087005295935312,3.249870216617763,-1.471076070758964,-0.022040986228973488,202397,Ish Smith,6
2.0709193300564883,0.8771513954933763,0.6248171386340148,0.19670000780313493,-0.24146574472377952,-0.4120229844408232,1629026,Kenrich Williams,5
-1.0913826879602864,0.22061460482667222,1.193346539506136,0.0847093069227165,1.554909307700492,0.5181332350366757,1641764,Brandin Podziemski,8
1.1560073022657342,-1.1664848484473658,0.10630438497527801,-0.02341737748510569,-0.6907250124315438,-0.8532211549476315,1629022,Lonnie Walker IV,6
0.7487961997663681,-0.41939466157035693,-1.3413518692640247,-0.1663328468256587,-0.7230728152832264,0.3859384524480717,1631095,Jabari Smith Jr.,4
4.0134616682888415,0.9505781639989906,-0.4312088321216585,0.10675241612277074,0.6118102028723993,0.49790622081813063,1629680,Matisse Thybulle,9
0.8781802672626515,-1.587230270482164,0.10302638409910932,0.5714614168883382,-0.8171245701695617,-0.47336928537119893,202692,Alec Burks,6
-3.9832022055976317,0.013868492311198188,-1.1272493723127126,0.38967212557737996,2.3738925333254697,0.10573555739907343,1630578,Alperen Sengun,1
-3.2370217866495192,1.66322151331825,-1.4537226363761997,0.0209606279974178,0.35659679757410084,0.2570911377959277,1630596,Evan Mobley,2
-0.5030644575726776,2.130807551871009,0.01666816504432166,0.17217025960533297,-0.40519879538082326,-0.35970622781848227,1628464,Daniel Theis,5
2.199557158868972,-0.23022275350116142,-0.7308895593382736,-1.6103905455488428,0.5528844184910966,-0.18817771319082197,1629622,Max Strus,7
1.006208719416521,-1.6149145926989317,-0.34483161118767164,-0.4979632463046648,0.7162824612841812,-0.055703297921300216,1628401,Derrick White,3
0.6081964812685698,1.7142236812687994,0.47909233170999377,-0.4654017414358865,0.529809678667088,0.9831838142450026,1641739,Toumani Camara,9
-0.47594006181196385,0.16030905259454142,-0.5619264372507453,-0.8840417949623692,-0.4267287767851266,0.6318122782912095,1626162,Kelly Oubre Jr.,4
-0.9335771622724726,-2.088199598879669,-0.05463995643053464,-0.007094904633694521,-0.6482480640671695,0.7886581378916354,203078,Bradley Beal,4
1.702841408347433,-0.23707096897486324,-0.012472784126913118,-0.4196010937407739,0.46370286754313766,0.2993567079245905,1631246,Vince Williams Jr.,7
-2.9579606248229413,3.7690222729292833,0.2093472116704234,1.0037023848327955,-0.7145618615939967,-1.2331991041078638,203458,Alex Len,1
-0.7866345859068624,-1.7413682656625395,0.5005583787944904,-0.5416000798280649,0.3986461796171702,-0.28499853683969417,1627747,Caris LeVert,3
1.5227492861668581,0.06351308676051622,-0.41759015615319717,-0.20691124742678033,0.18165458633702536,0.49587554989394855,1629684,Grant Williams,7
-1.7701689149989435,-2.9801059146510465,-0.4714495962489164,0.3867532540986612,-0.8101364607431772,0.4079843723827213,1630560,Cam Thomas,4
0.6329516358881279,0.004022601866602136,1.1129052430340052,-1.927036515151388,0.6425269585800739,0.5090738577346035,1641713,GG Jackson,8
-2.1928872324566533,-1.9197675177935545,-0.31625688939235624,-0.6576274632031964,0.5775074622551897,0.47705893074581224,203944,Julius Randle,3
0.6479428333558779,-1.5508341680570585,0.7896773750665753,0.3390089434738385,0.09433069546239917,-1.6199913817253688,1626166,Cameron Payne,6
0.21749332601908308,0.6890313833745314,-0.8830985905083305,-0.016623576045614905,1.6223601162929622,-0.05984727788586128,1629675,Naz Reid,7
1.9833984859506768,-0.4426845061575417,0.4069351212765601,0.414059226002342,0.739697762645255,-0.5482769900414072,1630631,Jose Alvarado,7
0.9371432741968484,-1.3830974722351317,-0.5827932303196046,0.2547849215844941,-0.43076582605266084,0.3828243185333031,202711,Bojan Bogdanović,5
2.1551820552600693,1.8502075284832553,2.2637006200498178,-0.08167690671556643,0.6823948164477257,-0.31075795336102435,1641738,Kobe Brown,8
0.4175180913499454,2.2703719242954365,0.6450977552368977,-0.6226735779901285,-0.9799244845385995,-0.12509856941475006,1628449,Chris Boucher,5
-1.1709466808292681,-1.2045607857386542,-0.7937371341485444,-0.05666299366828857,-0.051342884556323604,1.1045482499212897,203924,Jerami Grant,4
0.1028308819737315,-3.8647252044704827,0.11709738022919115,1.8426737123104386,-1.5542099826671996,-0.6165127841073277,101108,Chris Paul,6
-1.4105421568932952,-1.0204962014606755,-0.27188484125827295,0.10291457465968244,-0.2274503606413389,1.018453158643094,202699,Tobias Harris,4
5.710844675064802,0.7273113437703003,-0.9981670202991197,0.11737337283784466,0.2096405195108513,0.007616041582530884,1629731,Dean Wade,7
-0.13061128101465636,1.5448578799294643,-0.5538435898306305,0.644613263484422,-0.18926498993452476,-0.575086368650629,1629002,Chimezie Metu,5
0.6244299987082159,0.17079614081786532,0.9394973217566215,1.0637891386796412,-0.021308888300804,0.7976377862966606,1630230,Naji Marshall,5
0.5951232352344655,2.1366902246017596,1.1311719902586275,0.06172147110498728,-0.5640434285319108,-0.2616951156842015,1629052,Oshae Brissett,5
-1.5177931676904732,-3.0760832981781903,0.1390876956265875,-1.2252260894970188,0.43731998534586647,0.054775279610854495,1630178,Tyrese Maxey,3
1.4797458397516805,1.4264126089029536,1.5537527741152477,-0.5696534236205187,0.6975239964850111,1.3122364856964783,1631200,Kris Murray,9
-3.2409950938398633,3.3444262118662302,0.587513271064781,-0.6853433794259847,0.42087467216960944,-0.7810764871027586,1630549,Day'Ron Sharpe,2
-2.506727558542416,-3.070036185525433,-0.3086254782104649,-0.3862557799671837,-0.8910187676283462,0.21660271392082947,1631094,Paolo Banchero,4
-3.0922348889020834,2.8324728099325793,1.9940981356640242,0.05380759026243437,-0.29081353262218157,0.15346742711798605,1626172,Kevon Looney,2
2.6212832322926287,0.10126895968790241,0.21963261032562179,0.2225751175103875,0.09733446972401523,0.8319329324163615,1629638,Nickeil Alexander-Walker,9
-2.2388431460376195,-3.5128442137939704,-0.5921879832770676,0.9342966862481383,-1.6608700939413346,0.3790735530501689,1627742,Brandon Ingram,4
3.002818272424954,1.429866644227074,0.7972724628655957,-0.5560632556945166,0.12265646121239601,0.6860375442313634,1629723,John Konchar,9
0.08145091388924752,-1.4414001898404343,0.08425607985659478,0.04597973198989483,0.29077329005357694,0.5784763513544051,201950,Jrue Holiday,4
2.759770469381357,0.400849201196577,0.34598429909431033,0.7773520681843111,-0.5595724393220054,-0.5182134858312387,1630537,Chris Duarte,5
0.9048523723620725,0.3435117220998495,-0.9396137002529424,-0.8521981161570482,-0.8492136255218095,1.3854597595815297,1628384,OG Anunoby,9
1.6234718620238977,0.747664907681747,-0.03617935278973773,-0.610186921374123,-0.03309275514848988,1.5369282091774328,1630529,Herbert Jones,9
-2.0916067253189237,-0.8050504358807833,0.10256615184763469,-1.1114981788591543,0.970552683636049,0.14780778193248975,1630532,Franz Wagner,3
-0.033922735284607784,-1.608609445629533,1.4634283393273215,0.3274605742002631,-0.48931660982507014,-1.7527842040647745,1630201,Malachi Flynn,6
0.7720572778358283,1.207084737913998,0.9208315208670121,-0.9535616341120275,1.1664974447728964,-0.3053594911174646,1641871,Duop Reath,8
-0.5392381067724782,1.765899232227509,0.670434305435955,-0.43215352703082677,-0.05853203146224446,1.0188293126044763,1631133,Jabari Walker,9
0.5794607222983813,0.605547474816658,0.3656825608670406,0.7076799582443275,0.5677279822836397,0.2499651753770638,1630700,Dyson Daniels,5
2.329309175905227,-0.27871074864256473,-0.7385965610553723,-0.11159445108210733,1.6324060628020811,-1.9585696884076937,201567,Kevin Love,7
-1.9791916016343658,-3.368114256941212,-0.28503220899602366,-0.8835288591080599,-0.630072446045732,-0.000262172431782675,1630162,Anthony Edwards,4
-1.4755716651283997,-2.7815881801938462,-0.5384517957366572,-1.6270642456668347,-0.790442828413248,-0.3360483496756106,1628369,Jayson Tatum,3
2.592352936185434,-1.203194850937345,-0.1756739109553028,1.3526782041746486,-0.8216685289584537,-1.056456267437722,1628975,Jevon Carter,6
-3.719157479762376,-0.006647041962330004,0.5637750007780442,3.311362303698693,1.8436440593228807,0.5547036760309678,203937,Kyle Anderson,1
-2.3267647792297423,3.7824093322354955,0.5623266377550241,-1.1672210993685859,-1.0556561390256454,-0.8733322709343483,1629048,Goga Bitadze,2
0.5449248776767337,1.2648061909045767,-0.07652254249574685,2.3140783721558695,-1.3958440966981545,0.4117862163083378,1629626,Bol Bol,6
-0.0024586556935338923,-2.6416219751148953,-0.6870925640069216,-0.37567325311898836,0.2314971262832376,-0.4301693625722736,203468,CJ McCollum,3
-2.3074538386158983,1.2028619389510342,-1.3597950643836922,1.2939806684266661,1.1213307058292041,-0.0973661517585415,202685,Jonas Valančiūnas,1
4.65751485348546,1.0798713078679196,-0.34970509324260335,0.02902130785888579,-0.1388009631111201,1.4410345054049172,201587,Nicolas Batum,9
1.49526688643564,0.19324244934106022,-0.9347188193073196,-0.12930212101238042,0.6370735667752175,-0.03456970734557771,1630583,Santi Aldama,7
-4.101967977126921,4.3786200106226625,-1.5148370182107795,1.5750931198371356,0.6104545276190665,-0.8967256846346966,1629234,Drew Eubanks,1
-3.515888392267315,3.601677044086341,0.25328093142031044,-0.11746069850497508,0.14735440527572838,-0.6139727966083094,1628981,Bruno Fernando,2
2.4626784430717197,-0.1220239295917373,0.5020903610280457,0.23177673879787908,0.9117356865764566,-1.4243440616389147,204060,Joe Ingles,7
-0.9805779548114917,-1.793299922488031,0.8325140343187073,0.5787753213264949,-0.20707219662454668,-0.45984000524521484,202704,Reggie Jackson,6
2.893608704031522,-0.5405660294080259,-1.3907832962612439,-0.975785162446696,0.5420705198342374,-0.4893674872540661,1630530,Trey Murphy III,7
4.559483021117569,0.7914253889859849,-0.12520663549338948,0.8459572665861276,-1.09523570347602,0.36436314731973546,203200,Justin Holiday,5
-1.1621858502406075,-3.355612434247714,-0.25950244858691124,-0.9234119434340421,0.07408241023302513,-0.6164588124585382,1629014,Anfernee Simons,3
2.3814714203654224,0.22951016965198226,-0.789839096774368,0.6874354259385955,0.9294991606879688,0.22410346150266208,1627777,Georges Niang,7
0.1327309670943217,1.952950602668049,0.01334003690270523,1.4333806317371947,1.6505337827535882,0.5867349471774428,1630214,Xavier Tillman,1
0.10122336446567365,-1.7638927810179814,-1.301308665782598,0.15015916304797558,-0.3994185191521478,0.2594588321396188,1641706,Brandon Miller,4
-1.391478783786508,-0.49206844820342566,-1.3763527250122394,-0.5341440336111786,1.2511163420387392,-0.013891691421199689,1626157,Karl-Anthony Towns,3
-4.195721108429847,-1.4495819092969082,-1.0425185835785926,0.7973581760041205,2.8250179580729307,-0.1874989120138569,203999,Nikola Jokić,1
2.0886969107632445,2.0470547063125513,0.5882627713966104,0.42893040873170657,-1.095638771224463,0.21036192228945533,1630550,JT Thor,5
0.16326002729757888,-1.884749837276574,-0.6517350221172529,-0.2007972185688128,-0.10738452690949797,1.0026198374889304,1628969,Mikal Bridges,4
-3.491256869345575,-0.30892261824610795,1.25891630581998,1.4088760303211405,-0.4621828254836847,0.47564010307125637,1628365,Markelle Fultz,6
-0.8359354513209252,-2.927817191497823,-0.8119631860444533,0.07157784382822902,-0.029632315181293493,-0.08472783000992382,1629639,Tyler Herro,3
-0.5656597040421915,2.761239044057816,-0.4144381962510771,0.3886916147358247,-0.31860990109132964,0.08662452233856402,1626204,Larry Nance Jr.,5
-1.283730291019603,1.9927674157349144,1.0689571792737504,-1.3569292851993002,0.1610035899277749,-0.1323259020128868,1629021,Moritz Wagner,8
-0.8783029793665202,-1.1879837833089033,-0.8672540469874868,-1.096990815533381,0.1395714521071866,0.6779185311470116,1628970,Miles Bridges,4
2.1669391071200557,-0.3518132781527024,-0.7651541349297434,0.0842931008208764,-1.0174898315901189,1.1948550492613492,203484,Kentavious Caldwell-Pope,4
1.492479316456264,-0.8405785829545964,-0.493014893065674,0.4469864989128367,0.1324264091944268,-0.17076678282608782,1626196,Josh Richardson,5
2.9471110135939367,0.45294368985564254,1.6181284045179105,0.6070076741785732,0.17695630581199398,-0.23828288768750822,1629162,Jordan McLaughlin,6
-0.18463640529320208,0.9558154547821198,1.2478292649249307,1.1870086115958243,-0.4498977289739646,-0.20919562318301754,1630531,Jaden Springer,6
2.7269041682853254,0.9947484713851449,-0.9356170772596821,0.10654883329473544,1.1158423587403046,0.4777996028666577,201143,Al Horford,7
-4.18832988894896,2.723224207590125,-2.1298153439641894,0.26942676019962863,1.190629723065851,0.2461863349607089,1628386,Jarrett Allen,1
1.5731094232596197,-0.875890172699603,-0.5781931594602148,2.074827783145141,-1.7028716869592955,-0.015161666817927234,202694,Marcus Morris Sr.,6
1.3543199471149807,0.9363302251424377,1.0345009575059738,0.08855349520748126,-0.4176398911842843,-0.01133697481013552,1631121,Bryce McGowens,5
-0.552605376637638,-2.7478726369002207,0.644176853638049,-0.1726882713016335,-0.32927114681711145,-0.00946485724701979,203471,Dennis Schröder,3
1.4961809682962226,-0.38178393422760626,0.12787222421699587,-0.6546268909012423,-0.17851059346672504,0.36629918151217755,1627936,Alex Caruso,7
3.784524588707441,0.6928115702503237,-0.43981240680733447,0.20984288607989565,0.18960398858907826,0.8028992742668184,203914,Gary Harris,9
-0.6587500622782096,-1.162615249046694,1.0661475413140467,0.8076395224041938,-0.4707008563115071,-0.5393511981859397,1630692,Jordan Goodwin,6
-0.19903172173252034,1.0474014097707773,0.7531699183197961,-0.18362451709179842,-0.16528726971298793,0.07142224746825214,1631128,Christian Braun,5
-1.0356700511493153,0.2516271989734748,0.6492663923181228,0.17594725049037074,0.43355335247080046,1.364309061717761,1631170,Jaime Jaquez Jr.,4
-1.8460223070389232,-2.164160998903177,-1.3624033724846953,0.6739636824809452,-0.6691204556982454,0.540603816114433,202695,Kawhi Leonard,4
0.8786066438340745,-0.19988875631207192,0.1583892647340995,1.5028456609435241,1.6036028736182657,-0.3233212671871562,201976,Patrick Beverley,1
-3.132696044896344,3.171043597730486,-0.48643489146962426,-0.2548831883588737,-0.31548337504858515,-0.062458975952669527,1628392,Isaiah Hartenstein,2
1.4577857819802917,1.3108858213584487,0.65051720042251,-0.6140772120849909,0.181615506157593,1.752472409013207,1630171,Isaac Okoro,9
-0.7434901371911937,-1.1432110453156268,0.994069163743708,-0.38222118404567895,0.34270890955959626,-0.8493275987589696,1630625,Dalano Banton,8
1.154275503673445,-0.6155088204903465,1.2275476524233269,0.844702529020857,-0.18984702733502018,-0.4731336423941891,1630558,Davion Mitchell,6
-3.1706134380367903,0.25590221728263773,-2.735400311192492,2.5700313917573814,0.12669955369876357,1.0786796095777613,1629028,Deandre Ayton,1
1.5903666701446029,1.2895392042981342,1.1247936856682106,0.05351283294562108,-0.5364152772886354,-0.620166639753392,1631207,Dalen Terry,5
-0.1730180905097043,-2.655750807982643,-1.1662315339577067,-0.4171397683556785,-1.0205872394704545,0.04263045898725496,202331,Paul George,4
-1.762789004900103,0.21861913830840154,1.650111172955137,1.065882073932174,0.43005730183783414,-0.18089984530329462,1630570,Trendon Watford,6
-2.0806802081285793,2.133462936754355,0.1263572777501739,0.5639176901354933,0.24432953778819277,0.05653221230820741,1630194,Paul Reed,5
1.271643773955234,-0.7294106704495819,-1.6769975803839718,-0.40435874155594675,-1.0719956321643094,0.3061027278797382,1629008,Michael Porter Jr.,4
-0.7631525319634236,-0.4308969855570368,1.755201200163272,-0.39496617210404755,-0.50929716894209,-0.49127408776543696,1628372,Dennis Smith Jr.,8
-0.9638554600383573,-2.8264190365198285,0.26481398648856846,-0.2166133546699284,-0.10049572108909575,0.5500901890844933,1626179,Terry Rozier,4
0.3156005619485318,1.3316435144358445,0.089001159316247,0.31590100088521667,-0.7745588655356196,0.242089143503806,1631212,Peyton Watson,5
3.326039749944681,0.774204134562643,-0.7583571026086009,-0.8372138627705192,0.27499291134717385,0.5878119352485505,1627827,Dorian Finney-Smith,7
-1.5837366862675908,1.3728610209391452,-0.2585099921889927,-1.9453643840867076,-1.315730366369187,0.34668820304517556,203932,Aaron Gordon,2
4.696359339560928,0.15559018323792945,-1.2137682076872398,-0.3237477766214948,0.49506867789822395,-0.6442958420560965,1630573,Sam Hauser,7
3.485408638908482,0.12217858372852522,-0.15526430505080607,0.3571875156584215,-0.14905037862543496,-0.6843269583332116,1631165,Keon Ellis,7
0.6688625835597702,-0.22336570004579173,0.6858232952005953,-0.5176199351225553,-0.1761397600264923,1.2743124948426925,1630245,Ayo Dosunmu,9
-4.377428543029629,3.5251939318715433,-2.1762901837242015,0.12153250086867386,0.7798102929292321,-0.12407134565828068,1629651,Nic Claxton,1
1.7863906989410483,-0.6983307386788143,-0.4681492977551357,-0.3049941325361401,-0.15386940981121694,0.3820620093206859,1629661,Cameron Johnson,7
2.0463429246132514,-0.4701525159099403,-0.6821792361223679,-0.8550353265328091,0.6816025678939504,-0.40190142357062797,1629130,Duncan Robinson,7
4.39052704532414,0.23277072996782133,-1.0413069173584895,-0.3691877507910462,0.07729174314573263,-1.5199777539369752,202722,Davis Bertans,7
-1.1799396611528807,-3.1100915391674473,0.2401708093316595,-0.40164574466378306,0.21928980090248398,-0.2089963583929388,1629636,Darius Garland,3
-3.312564983010339,4.05548096672542,-1.461388063091548,-0.8863679068042573,-1.0596740204000565,-0.16832149253373171,1630208,Nick Richards,2
3.1406740243333213,1.0983294242168367,0.20912897053271962,0.22025434049679327,0.05190350930945426,0.6979536500959779,1628470,Torrey Craig,9
-1.5106234012342137,-3.777903346817685,0.14539967076396454,-0.006927031848976143,-0.9292334286360469,-0.22145977579398296,1627750,Jamal Murray,4
2.5663863637911866,0.25001542799806836,0.13039062256580006,-0.7104072188618498,-0.5318280153343824,-0.32831522951196734,1629656,Quentin Grimes,5
-1.705610752588504,-0.4583442383577413,-2.439674400024214,1.2468163796664316,1.8755785024132445,0.28559482518386475,202696,Nikola Vučević,1
-0.5369831858764622,-3.149364236432,0.31736916377398794,-1.1934191044065992,0.5094805288684391,-1.210386547876716,201935,James Harden,3
0.05068403212951285,-2.3173810280255513,-0.2641532341805845,-1.122866068304131,0.2453286988509089,0.15717458299239565,1629632,Coby White,3
-0.7005183807393421,-2.1112193920607023,0.2004283752918723,1.0840958536426502,-0.35917159894191203,-0.3033136208609971,1630175,Cole Anthony,6
0.6834007756898567,0.39570316000733624,-0.4865604641855286,0.5631536642157832,-0.7790775366614464,1.7508304318416334,1630183,Jaden McDaniels,9
1.4362807044748496,1.9543077560861701,-0.37216245351132143,-0.41719455058232346,-2.0273799632085683,-0.09634801999248535,1628371,Jonathan Isaac,5
0.6826758671646341,-0.1354625896309629,-0.8376985393733303,0.1603588616065066,-1.2292384291984035,0.4004043705984633,1630172,Patrick Williams,4
-2.429280845972994,-3.6280214623066516,-0.5946107494193604,0.9290647720459994,-2.3592190163663944,1.3883470144734673,201942,DeMar DeRozan,4
-2.60324788958076,-4.231553152044046,-0.05792938103340767,0.2575517350253571,0.010313010810942547,0.11487571421786916,1628973,Jalen Brunson,4
1.265674195678978,-1.938993143346277,0.11251328619366403,-0.014757957772992348,0.670223250219591,-0.5544713677596577,201144,Mike Conley,7
2.0997250316475378,-1.2145332089962357,-0.11183434059595374,-0.03241235180404414,0.4671062844820876,-0.3217005632302164,200768,Kyle Lowry,7
0.5561965136741547,1.6090146757888895,-1.3708390479987114,-0.2662971065478999,-0.016514456793945274,0.13106668757632936,1628976,Wendell Carter Jr.,7
4.580107848202189,0.17276296848708284,-0.7550850312022946,0.36542043498614063,0.01523405099005884,-1.8041140312367254,1631260,AJ Green,7
-3.9151249379678563,3.9424892217340273,0.4073190494639501,0.6962731383110377,0.5386967911663632,-1.1177839655194806,202684,Tristan Thompson,1
4.2633476525135725,-0.3023575314982176,-0.8731188003712369,-0.5331322637317242,0.8401913118631406,-1.8994644794047348,1630241,Sam Merrill,7
-1.5766823360760267,-1.382363457313593,2.523709149542518,-0.7882790556204349,0.5974507838086459,-1.081343066136507,203995,Vasilije Micić,8
2.654668332152323,1.2521782356235631,-0.4138909521199751,0.5145264442397314,0.36648587449807674,0.42785277496931745,1629312,Haywood Highsmith,9
-4.974354459780565,4.014390255060308,-2.1860466422430105,1.1638199280341803,2.185173556063927,-0.05845268552415914,1627826,Ivica Zubac,1
-3.1322867532901673,3.598777763935615,-1.5741287454214774,-2.4157890872465444,-2.012510017935652,0.27016979722523254,203497,Rudy Gobert,2
1.9750250319486626,0.2107824231205581,0.2091606613491571,0.06871856571204998,0.9956662396842156,-0.33902727843741226,1631107,Nikola Jović,7
-0.052211890576425835,2.4745294281253782,-0.3999575360301227,-0.2658727645218806,-0.3991227726434817,-1.5352977084212507,1628964,Mo Bamba,5
2.7567334854097028,-0.6959349250910184,-0.90755355787682,-1.1824568432637055,0.7173656391363,-0.19523060618524485,1628978,Donte DiVincenzo,7
-2.699781592548631,-1.4233566218201914,0.2497262185877409,0.08446813891939937,-0.5227273444779578,1.2505916727462323,202710,Jimmy Butler,4
-3.668269008882252,3.7263179128896478,0.19638625899881454,-0.577513889192814,0.5804722873084412,-0.23222714345775325,203083,Andre Drummond,2
-3.751501924297763,-0.8924101188484928,-1.5476642960644047,1.660675652310037,0.1871053493960015,0.8733465953779894,1628389,Bam Adebayo,1
0.893480166812773,1.0586444180079053,0.11907410090958165,0.012446742534846199,-0.48457385574499756,1.0332740597941954,1629611,Terance Mann,9
0.26442941006843895,-0.4531048033355914,3.1096990383699725,-0.33714387110264765,0.25711346231129484,0.5090848541173725,1641733,Nick Smith Jr.,8
0.5613899356957232,2.4845256192347493,1.0820014187761873,0.17123509008031224,-0.9104047350027541,0.364228581327466,1628966,Keita Bates-Diop,5
0.3714185815759511,1.640654787230469,1.945034233687793,0.08394603748535955,0.5076118943006462,0.6696549470005771,1630592,Jalen Wilson,9
0.599677259504816,-0.28584857024677185,0.1959259401575997,0.06821300613018914,-0.4032273757561863,0.9625326823487941,1628997,Caleb Martin,9
1.926763765455766,-1.4830419429159054,0.5090437714341031,0.027892191785562768,-0.08443264542090244,-0.48541265586396193,1630202,Payton Pritchard,7
0.0160681314889218,-0.4170437995599835,0.35309896363871474,-0.5593366699860456,0.2104111447076389,0.7634378734042623,1628404,Josh Hart,4
6.191702024252979,0.932807522377493,-0.7427980179289057,0.39546833353170197,0.4245115783110456,-0.40207616671636276,1631216,Caleb Houstan,7
-1.4594086610057635,2.2189769259070196,0.2707783291281056,-0.5232149809173724,-0.3330037073246457,0.2550958049979962,1630173,Precious Achiuwa,2
-2.7095504737267566,4.5806346778906315,0.34037951804709193,-1.7883001009240609,-2.4568039845308993,-1.0390832866073574,1628436,Luke Kornet,2
-3.063813362082896,-1.401224515929281,2.8402707729949896,1.0586095256533186,-1.017950302265738,-0.5170283847147245,1641854,Craig Porter Jr.,6
4.131777393415789,0.9262215667456294,0.006288001076483227,0.43316082800250677,-0.0644530355592632,-1.2639197830965683,1629643,Chuma Okeke,7
1.9002840541050081,-0.4509077765789674,0.23678149067295673,0.4129895933791566,-0.8277559948743104,0.0653594462745942,1630540,Miles McBride,5
-2.6720340903936406,5.551628694335845,-1.0397928113406674,-1.0053465869338536,-3.295522857942348,-1.8198096760605298,1630579,Jericho Sims,2
